country,avg_inflation_rate,price_level_2025,house_price_growth,cost_of_living_score,inflation_stability_score,housing_pressure_score,overall_expansion_score
Italy,1.88,97.1,-5.0,69.86817325800376,68.90951276102089,87.68689533861038,75.48819378587835
Finland,1.78,120.8,-19.0,47.55178907721281,71.22969837587007,100.0,72.92716248436096
Romania,4.14,65.1,-9.0,100.0,16.473317865429237,91.20492524186456,69.2260810357646
France,1.92,110.3,2.9,57.43879472693033,67.98143851508121,80.73878627968338,68.7196731738983
Spain,1.95,91.6,36.5,75.04708097928437,67.28538283062645,51.187335092348285,64.50659963408637
Sweden,2.47,121.0,-6.6,47.36346516007534,55.22041763341067,89.09410729991205,63.892663364466024
Germany,2.5,108.3,9.2,59.32203389830509,54.524361948955914,75.19788918205805,63.01476167643968
Greece,1.55,87.4,56.7,79.00188323917138,76.5661252900232,33.42128408091469,62.99643087003642
Belgium,2.68,116.2,5.8,51.88323917137476,50.348027842227374,78.18821459982411,60.13982720447541
Poland,3.67,73.3,37.5,92.27871939736346,27.378190255220403,50.307827616534745,56.65491242303954
Denmark,1.69,139.7,20.9,29.7551789077213,73.31786542923433,64.90765171503958,55.99356535066507
Austria,3.01,113.0,16.3,54.89642184557439,42.69141531322506,68.95338610378188,55.51374108752711
Switzerland,0.54,171.3,,0.0,100.0,59.57887112628693,53.192957042095635
Ireland,1.72,136.2,38.6,33.05084745762716,72.62180974477958,49.34036939313984,51.671008865182195
Portugal,1.92,86.6,94.7,79.75517890772127,67.98143851508121,0.0,49.24553914093416
Netherlands,2.67,115.6,49.0,52.448210922787204,50.580046403712295,40.19349164467898,47.740582990392824
Czechia,3.9,89.4,48.4,77.1186440677966,22.04176334106728,40.72119613016711,46.627201179676995
Hungary,4.85,77.5,81.4,88.32391713747646,0.0,11.697449428320141,33.3404555219322
