country_code,cost_of_living_score,inflation_stability_score,housing_pressure_score,overall_expansion_score
IT,69.86817325800376,68.90951276102089,87.68689533861038,75.48819378587835
FI,47.55178907721281,71.22969837587007,100.0,72.92716248436096
RO,100.0,16.473317865429237,91.20492524186456,69.2260810357646
FR,57.43879472693033,67.98143851508121,80.73878627968338,68.7196731738983
ES,75.04708097928437,67.28538283062645,51.187335092348285,64.50659963408637
SE,47.36346516007534,55.22041763341067,89.09410729991205,63.89266336446602
DE,59.32203389830509,54.52436194895592,75.19788918205805,63.01476167643968
GR,79.00188323917138,76.5661252900232,33.42128408091469,62.99643087003642
BE,51.88323917137476,50.348027842227374,78.18821459982411,60.13982720447541
PL,92.27871939736346,27.378190255220403,50.307827616534745,56.65491242303954
DK,29.7551789077213,73.31786542923433,64.90765171503958,55.99356535066507
AT,54.89642184557439,42.69141531322506,68.95338610378188,55.51374108752711
CH,0.0,100.0,59.57887112628693,53.19295704209564
IE,33.05084745762716,72.62180974477958,49.34036939313984,51.6710088651822
PT,79.75517890772127,67.98143851508121,0.0,49.24553914093416
NL,52.4482109227872,50.580046403712295,40.19349164467898,47.74058299039282
CZ,77.1186440677966,22.04176334106728,40.72119613016711,46.627201179677
HU,88.32391713747646,0.0,11.69744942832014,33.3404555219322
