country,year,inflation_rate,price_level_index,house_price_index,house_price_flag
Austria,2014,1.5,109.3,,
Austria,2015,0.8,109.3,,
Austria,2016,1.0,110.4,105.27,
Austria,2017,2.2,111.6,108.56,
Austria,2018,2.1,112.1,112.62,
Austria,2019,1.5,113.2,117.33,
Austria,2020,1.4,111.7,124.93,
Austria,2021,2.8,108.5,136.59,
Austria,2022,8.6,107.9,141.47,
Austria,2023,7.7,111.5,127.1,
Austria,2024,2.9,111.7,122.59,
Austria,2025,3.6,113.0,122.43,
Belgium,2014,0.5,111.2,,
Belgium,2015,0.6,111.2,,
Belgium,2016,1.8,113.3,100.82,
Belgium,2017,2.2,114.3,102.32,
Belgium,2018,2.3,114.7,103.28,
Belgium,2019,1.3,114.9,105.59,
Belgium,2020,0.4,113.6,109.12,
Belgium,2021,3.2,115.5,113.38,
Belgium,2022,10.3,117.4,108.18,
Belgium,2023,2.3,116.9,104.17,
Belgium,2024,4.3,116.7,105.7,
Belgium,2025,3.0,116.2,106.62,
Czechia,2014,0.4,65.4,,
Czechia,2015,0.3,66.8,,
Czechia,2016,0.7,68.3,106.0,
Czechia,2017,2.5,70.5,114.95,
Czechia,2018,1.9,74.0,121.33,
Czechia,2019,2.6,75.1,128.57,
Czechia,2020,3.3,76.3,135.42,
Czechia,2021,3.3,83.3,155.63,
Czechia,2022,14.8,89.6,159.03,
Czechia,2023,12.0,91.7,144.13,
Czechia,2024,2.7,88.5,146.79,
Czechia,2025,2.3,89.4,157.35,
Denmark,2014,0.3,143.7,,
Denmark,2015,0.2,142.8,,
Denmark,2016,0.0,146.1,104.47,
Denmark,2017,1.1,143.1,108.63,
Denmark,2018,0.7,141.4,112.87,
Denmark,2019,0.7,143.4,114.43,
Denmark,2020,0.3,142.6,119.16,
Denmark,2021,1.9,140.8,130.46,
Denmark,2022,8.6,146.3,126.79,
Denmark,2023,3.4,141.6,118.42,
Denmark,2024,1.3,140.7,120.4,
Denmark,2025,1.8,139.7,126.35,
Finland,2014,1.2,126.5,,
Finland,2015,-0.2,125.8,,
Finland,2016,0.4,126.1,101.13,
Finland,2017,0.8,125.1,101.19,
Finland,2018,1.2,125.7,100.82,
Finland,2019,1.1,126.3,100.26,
Finland,2020,0.4,126.4,101.63,
Finland,2021,2.1,125.8,104.0,
Finland,2022,7.2,125.1,98.62,
Finland,2023,4.3,123.8,88.65,
Finland,2024,1.0,122.2,84.9,
Finland,2025,1.8,120.8,81.9,
France,2014,0.6,111.1,,
France,2015,0.1,112.0,,
France,2016,0.3,112.4,100.82,
France,2017,1.2,113.0,103.22,
France,2018,2.1,113.9,104.25,
France,2019,1.3,113.4,106.85,
France,2020,0.5,112.9,111.4,
France,2021,2.1,114.3,117.0,
France,2022,5.9,112.2,118.51,
France,2023,5.7,111.7,110.33,
France,2024,2.3,111.2,103.93,
France,2025,0.9,110.3,103.73,
Germany,2014,0.8,106.0,,
Germany,2015,0.7,107.0,,
Germany,2016,0.4,107.1,106.71,
Germany,2017,1.7,106.5,111.37,
Germany,2018,1.9,105.8,116.85,
Germany,2019,1.4,107.0,121.84,
Germany,2020,0.4,106.9,130.52,
Germany,2021,3.2,107.2,141.13,
Germany,2022,8.7,108.4,140.18,
Germany,2023,6.0,109.0,120.33,
Germany,2024,2.5,108.8,115.76,
Germany,2025,2.3,108.3,116.49,
Greece,2014,-1.4,88.7,,
Greece,2015,-1.1,88.2,,
Greece,2016,0.0,87.7,98.46,e
Greece,2017,1.1,86.9,97.17,e
Greece,2018,0.8,86.8,98.86,e
Greece,2019,0.5,86.9,105.91,e
Greece,2020,-1.3,88.4,111.98,e
Greece,2021,0.6,87.3,119.33,e
Greece,2022,9.3,87.4,125.52,e
Greece,2023,4.2,85.8,138.15,e
Greece,2024,3.0,86.5,147.64,e
Greece,2025,2.9,87.4,154.27,ep
Hungary,2014,0.0,60.3,,
Hungary,2015,0.1,61.4,,
Hungary,2016,0.4,62.4,112.32,
Hungary,2017,2.4,65.9,122.04,
Hungary,2018,2.9,65.9,134.83,
Hungary,2019,3.4,67.4,150.94,
Hungary,2020,3.4,66.3,154.06,
Hungary,2021,5.2,68.2,169.52,
Hungary,2022,15.3,67.7,179.76,
Hungary,2023,17.0,74.2,169.22,
Hungary,2024,3.7,74.3,181.98,p
Hungary,2025,4.4,77.5,203.75,p
Ireland,2014,0.3,128.0,,
Ireland,2015,0.0,128.3,,
Ireland,2016,-0.2,129.3,106.95,
Ireland,2017,0.3,131.5,117.45,
Ireland,2018,0.7,134.1,127.5,
Ireland,2019,0.9,136.3,128.36,
Ireland,2020,-0.5,141.7,128.84,
Ireland,2021,2.4,138.3,135.61,
Ireland,2022,8.1,136.9,141.66,
Ireland,2023,5.2,137.6,134.31,
Ireland,2024,1.3,136.8,139.96,
Ireland,2025,2.1,136.2,148.21,
Italy,2014,0.2,106.7,,
Italy,2015,0.2,106.4,,
Italy,2016,-0.1,104.3,99.71,
Italy,2017,1.3,103.7,97.37,
Italy,2018,1.2,103.3,95.52,
Italy,2019,0.7,101.6,94.56,
Italy,2020,-0.2,101.7,96.1,
Italy,2021,2.0,101.0,97.1,
Italy,2022,8.7,99.5,94.42,
Italy,2023,5.9,98.0,91.11,
Italy,2024,1.1,97.0,92.44,
Italy,2025,1.6,97.1,94.72,
Netherlands,2014,0.3,114.0,,
Netherlands,2015,0.2,114.1,,
Netherlands,2016,0.1,115.8,104.62,
Netherlands,2017,1.3,114.8,110.8,
Netherlands,2018,1.6,114.3,118.66,
Netherlands,2019,2.7,117.1,124.33,
Netherlands,2020,1.1,116.2,131.67,
Netherlands,2021,2.8,115.5,144.34,
Netherlands,2022,11.6,114.2,152.06,
Netherlands,2023,4.1,115.6,139.54,
Netherlands,2024,3.2,115.1,147.26,
Netherlands,2025,3.0,115.6,155.84,
Poland,2014,0.1,58.1,,
Poland,2015,-0.7,57.6,,
Poland,2016,-0.2,55.9,102.63,
Poland,2017,1.6,58.8,104.65,
Poland,2018,1.2,59.6,109.92,
Poland,2019,2.2,59.9,116.93,
Poland,2020,3.6,59.1,124.82,
Poland,2021,5.2,60.5,129.03,
Poland,2022,13.2,62.0,126.45,
Poland,2023,10.8,68.2,125.67,
Poland,2024,3.7,72.3,139.76,
Poland,2025,3.3,73.3,141.16,
Portugal,2014,-0.2,86.3,,
Portugal,2015,0.5,86.5,,
Portugal,2016,0.6,87.3,105.99,
Portugal,2017,1.6,88.9,113.95,
Portugal,2018,1.2,88.2,123.64,
Portugal,2019,0.3,87.9,134.74,
Portugal,2020,-0.1,90.3,145.91,
Portugal,2021,0.9,88.4,156.43,
Portugal,2022,8.1,87.2,164.27,
Portugal,2023,5.3,86.2,169.58,
Portugal,2024,2.7,86.7,180.01,
Portugal,2025,2.2,86.6,206.41,
Romania,2014,1.4,55.0,,
Romania,2015,-0.4,55.1,,
Romania,2016,-1.1,53.8,105.24,
Romania,2017,1.1,54.7,108.7,
Romania,2018,4.1,55.7,110.51,
Romania,2019,3.9,55.5,108.51,
Romania,2020,2.3,55.4,110.95,
Romania,2021,4.1,56.0,110.71,
Romania,2022,12.0,60.8,104.18,
Romania,2023,9.7,61.8,98.73,
Romania,2024,5.8,64.1,97.5,
Romania,2025,6.8,65.1,95.81,
Spain,2014,-0.2,96.2,,
Spain,2015,-0.6,94.8,,
Spain,2016,-0.3,95.3,104.42,
Spain,2017,2.0,94.7,109.24,
Spain,2018,1.7,96.4,114.97,
Spain,2019,0.8,95.9,119.64,
Spain,2020,-0.3,97.8,122.22,
Spain,2021,3.0,94.5,123.99,
Spain,2022,8.3,93.8,124.9,
Spain,2023,3.4,90.3,123.59,
Spain,2024,2.9,91.3,129.99,
Spain,2025,2.7,91.6,142.56,
Sweden,2014,0.2,129.7,,
Sweden,2015,0.7,127.8,,
Sweden,2016,1.1,130.7,107.28,
Sweden,2017,1.9,131.2,112.44,
Sweden,2018,2.0,125.1,108.64,
Sweden,2019,1.7,123.1,109.08,
Sweden,2020,0.7,124.8,112.75,
Sweden,2021,2.7,128.7,121.45,
Sweden,2022,8.1,122.7,117.83,
Sweden,2023,5.9,115.2,104.72,
Sweden,2024,2.0,116.4,101.8,
Sweden,2025,2.6,121.0,100.15,
Switzerland,2014,0.0,152.5,,
Switzerland,2015,-0.8,170.0,,
Switzerland,2016,-0.5,168.2,,
Switzerland,2017,0.6,164.7,,
Switzerland,2018,0.9,158.9,,
Switzerland,2019,0.4,165.0,,
Switzerland,2020,-0.8,171.5,,
Switzerland,2021,0.5,166.2,,
Switzerland,2022,2.7,170.7,,
Switzerland,2023,2.3,171.7,,
Switzerland,2024,1.1,173.0,,
Switzerland,2025,0.1,171.3,,
United Kingdom,2014,1.5,128.1,,
United Kingdom,2015,0.0,142.6,,
United Kingdom,2016,0.7,127.7,,
United Kingdom,2017,2.7,119.6,,
United Kingdom,2018,2.5,119.6,,
United Kingdom,2019,1.8,120.9,,
