country_code,year,inflation_rate,price_level_index,house_price_index
AT,2014,1.5,109.3,
AT,2015,0.8,109.3,
AT,2016,1.0,110.4,105.27
AT,2017,2.2,111.6,108.56
AT,2018,2.1,112.1,112.62
AT,2019,1.5,113.2,117.33
AT,2020,1.4,111.7,124.93
AT,2021,2.8,108.5,136.59
AT,2022,8.6,107.9,141.47
AT,2023,7.7,111.5,127.1
AT,2024,2.9,111.7,122.59
AT,2025,3.6,113.0,122.43
BE,2014,0.5,111.2,
BE,2015,0.6,111.2,
BE,2016,1.8,113.3,100.82
BE,2017,2.2,114.3,102.32
BE,2018,2.3,114.7,103.28
BE,2019,1.3,114.9,105.59
BE,2020,0.4,113.6,109.12
BE,2021,3.2,115.5,113.38
BE,2022,10.3,117.4,108.18
BE,2023,2.3,116.9,104.17
BE,2024,4.3,116.7,105.7
BE,2025,3.0,116.2,106.62
CZ,2014,0.4,65.4,
CZ,2015,0.3,66.8,
CZ,2016,0.7,68.3,106.0
CZ,2017,2.5,70.5,114.95
CZ,2018,1.9,74.0,121.33
CZ,2019,2.6,75.1,128.57
CZ,2020,3.3,76.3,135.42
CZ,2021,3.3,83.3,155.63
CZ,2022,14.8,89.6,159.03
CZ,2023,12.0,91.7,144.13
CZ,2024,2.7,88.5,146.79
CZ,2025,2.3,89.4,157.35
DK,2014,0.3,143.7,
DK,2015,0.2,142.8,
DK,2016,0.0,146.1,104.47
DK,2017,1.1,143.1,108.63
DK,2018,0.7,141.4,112.87
DK,2019,0.7,143.4,114.43
DK,2020,0.3,142.6,119.16
DK,2021,1.9,140.8,130.46
DK,2022,8.6,146.3,126.79
DK,2023,3.4,141.6,118.42
DK,2024,1.3,140.7,120.4
DK,2025,1.8,139.7,126.35
FI,2014,1.2,126.5,
FI,2015,-0.2,125.8,
FI,2016,0.4,126.1,101.13
FI,2017,0.8,125.1,101.19
FI,2018,1.2,125.7,100.82
FI,2019,1.1,126.3,100.26
FI,2020,0.4,126.4,101.63
FI,2021,2.1,125.8,104.0
FI,2022,7.2,125.1,98.62
FI,2023,4.3,123.8,88.65
FI,2024,1.0,122.2,84.9
FI,2025,1.8,120.8,81.9
FR,2014,0.6,111.1,
FR,2015,0.1,112.0,
FR,2016,0.3,112.4,100.82
FR,2017,1.2,113.0,103.22
FR,2018,2.1,113.9,104.25
FR,2019,1.3,113.4,106.85
FR,2020,0.5,112.9,111.4
FR,2021,2.1,114.3,117.0
FR,2022,5.9,112.2,118.51
FR,2023,5.7,111.7,110.33
FR,2024,2.3,111.2,103.93
FR,2025,0.9,110.3,103.73
DE,2014,0.8,106.0,
DE,2015,0.7,107.0,
DE,2016,0.4,107.1,106.71
DE,2017,1.7,106.5,111.37
DE,2018,1.9,105.8,116.85
DE,2019,1.4,107.0,121.84
DE,2020,0.4,106.9,130.52
DE,2021,3.2,107.2,141.13
DE,2022,8.7,108.4,140.18
DE,2023,6.0,109.0,120.33
DE,2024,2.5,108.8,115.76
DE,2025,2.3,108.3,116.49
GR,2014,-1.4,88.7,
GR,2015,-1.1,88.2,
GR,2016,0.0,87.7,98.46
GR,2017,1.1,86.9,97.17
GR,2018,0.8,86.8,98.86
GR,2019,0.5,86.9,105.91
GR,2020,-1.3,88.4,111.98
GR,2021,0.6,87.3,119.33
GR,2022,9.3,87.4,125.52
GR,2023,4.2,85.8,138.15
GR,2024,3.0,86.5,147.64
GR,2025,2.9,87.4,154.27
HU,2014,0.0,60.3,
HU,2015,0.1,61.4,
HU,2016,0.4,62.4,112.32
HU,2017,2.4,65.9,122.04
HU,2018,2.9,65.9,134.83
HU,2019,3.4,67.4,150.94
HU,2020,3.4,66.3,154.06
HU,2021,5.2,68.2,169.52
HU,2022,15.3,67.7,179.76
HU,2023,17.0,74.2,169.22
HU,2024,3.7,74.3,181.98
HU,2025,4.4,77.5,203.75
IE,2014,0.3,128.0,
IE,2015,0.0,128.3,
IE,2016,-0.2,129.3,106.95
IE,2017,0.3,131.5,117.45
IE,2018,0.7,134.1,127.5
IE,2019,0.9,136.3,128.36
IE,2020,-0.5,141.7,128.84
IE,2021,2.4,138.3,135.61
IE,2022,8.1,136.9,141.66
IE,2023,5.2,137.6,134.31
IE,2024,1.3,136.8,139.96
IE,2025,2.1,136.2,148.21
IT,2014,0.2,106.7,
IT,2015,0.2,106.4,
IT,2016,-0.1,104.3,99.71
IT,2017,1.3,103.7,97.37
IT,2018,1.2,103.3,95.52
IT,2019,0.7,101.6,94.56
IT,2020,-0.2,101.7,96.1
IT,2021,2.0,101.0,97.1
IT,2022,8.7,99.5,94.42
IT,2023,5.9,98.0,91.11
IT,2024,1.1,97.0,92.44
IT,2025,1.6,97.1,94.72
NL,2014,0.3,114.0,
NL,2015,0.2,114.1,
NL,2016,0.1,115.8,104.62
NL,2017,1.3,114.8,110.8
NL,2018,1.6,114.3,118.66
NL,2019,2.7,117.1,124.33
NL,2020,1.1,116.2,131.67
NL,2021,2.8,115.5,144.34
NL,2022,11.6,114.2,152.06
NL,2023,4.1,115.6,139.54
NL,2024,3.2,115.1,147.26
NL,2025,3.0,115.6,155.84
PL,2014,0.1,58.1,
PL,2015,-0.7,57.6,
PL,2016,-0.2,55.9,102.63
PL,2017,1.6,58.8,104.65
PL,2018,1.2,59.6,109.92
PL,2019,2.2,59.9,116.93
PL,2020,3.6,59.1,124.82
PL,2021,5.2,60.5,129.03
PL,2022,13.2,62.0,126.45
PL,2023,10.8,68.2,125.67
PL,2024,3.7,72.3,139.76
PL,2025,3.3,73.3,141.16
PT,2014,-0.2,86.3,
PT,2015,0.5,86.5,
PT,2016,0.6,87.3,105.99
PT,2017,1.6,88.9,113.95
PT,2018,1.2,88.2,123.64
PT,2019,0.3,87.9,134.74
PT,2020,-0.1,90.3,145.91
PT,2021,0.9,88.4,156.43
PT,2022,8.1,87.2,164.27
PT,2023,5.3,86.2,169.58
PT,2024,2.7,86.7,180.01
PT,2025,2.2,86.6,206.41
RO,2014,1.4,55.0,
RO,2015,-0.4,55.1,
RO,2016,-1.1,53.8,105.24
RO,2017,1.1,54.7,108.7
RO,2018,4.1,55.7,110.51
RO,2019,3.9,55.5,108.51
RO,2020,2.3,55.4,110.95
RO,2021,4.1,56.0,110.71
RO,2022,12.0,60.8,104.18
RO,2023,9.7,61.8,98.73
RO,2024,5.8,64.1,97.5
RO,2025,6.8,65.1,95.81
ES,2014,-0.2,96.2,
ES,2015,-0.6,94.8,
ES,2016,-0.3,95.3,104.42
ES,2017,2.0,94.7,109.24
ES,2018,1.7,96.4,114.97
ES,2019,0.8,95.9,119.64
ES,2020,-0.3,97.8,122.22
ES,2021,3.0,94.5,123.99
ES,2022,8.3,93.8,124.9
ES,2023,3.4,90.3,123.59
ES,2024,2.9,91.3,129.99
ES,2025,2.7,91.6,142.56
SE,2014,0.2,129.7,
SE,2015,0.7,127.8,
SE,2016,1.1,130.7,107.28
SE,2017,1.9,131.2,112.44
SE,2018,2.0,125.1,108.64
SE,2019,1.7,123.1,109.08
SE,2020,0.7,124.8,112.75
SE,2021,2.7,128.7,121.45
SE,2022,8.1,122.7,117.83
SE,2023,5.9,115.2,104.72
SE,2024,2.0,116.4,101.8
SE,2025,2.6,121.0,100.15
CH,2014,0.0,152.5,
CH,2015,-0.8,170.0,
CH,2016,-0.5,168.2,
CH,2017,0.6,164.7,
CH,2018,0.9,158.9,
CH,2019,0.4,165.0,
CH,2020,-0.8,171.5,
CH,2021,0.5,166.2,
CH,2022,2.7,170.7,
CH,2023,2.3,171.7,
CH,2024,1.1,173.0,
CH,2025,0.1,171.3,
GB,2014,1.5,128.1,
GB,2015,0.0,142.6,
GB,2016,0.7,127.7,
GB,2017,2.7,119.6,
GB,2018,2.5,119.6,
GB,2019,1.8,120.9,
