DATAFLOW,LAST UPDATE,freq,indic_ppp,ppp_cat18,geo,TIME_PERIOD,OBS_VALUE,OBS_FLAG,CONF_STATUS
ESTAT:TEC00120(1.0),09/07/26 23:00:00,Annual,Price level indices (EU27_2020=100),Household final consumption expenditure,Albania,2014,50.1,,
ESTAT:TEC00120(1.0),09/07/26 23:00:00,Annual,Price level indices (EU27_2020=100),Household final consumption expenditure,Albania,2015,48.3,,
ESTAT:TEC00120(1.0),09/07/26 23:00:00,Annual,Price level indices (EU27_2020=100),Household final consumption expenditure,Albania,2016,51.1,,
ESTAT:TEC00120(1.0),09/07/26 23:00:00,Annual,Price level indices (EU27_2020=100),Household final consumption expenditure,Albania,2017,52.4,,
ESTAT:TEC00120(1.0),09/07/26 23:00:00,Annual,Price level indices (EU27_2020=100),Household final consumption expenditure,Albania,2018,55.9,,
ESTAT:TEC00120(1.0),09/07/26 23:00:00,Annual,Price level indices (EU27_2020=100),Household final consumption expenditure,Albania,2019,58.3,,
ESTAT:TEC00120(1.0),09/07/26 23:00:00,Annual,Price level indices (EU27_2020=100),Household final consumption expenditure,Albania,2020,59.4,,
ESTAT:TEC00120(1.0),09/07/26 23:00:00,Annual,Price level indices (EU27_2020=100),Household final consumption expenditure,Albania,2021,61.6,,
ESTAT:TEC00120(1.0),09/07/26 23:00:00,Annual,Price level indices (EU27_2020=100),Household final consumption expenditure,Albania,2022,61.9,,
ESTAT:TEC00120(1.0),09/07/26 23:00:00,Annual,Price level indices (EU27_2020=100),Household final consumption expenditure,Albania,2023,65.2,,
ESTAT:TEC00120(1.0),09/07/26 23:00:00,Annual,Price level indices (EU27_2020=100),Household final consumption expenditure,Albania,2024,70.6,,
ESTAT:TEC00120(1.0),09/07/26 23:00:00,Annual,Price level indices (EU27_2020=100),Household final consumption expenditure,Albania,2025,72.6,,
ESTAT:TEC00120(1.0),09/07/26 23:00:00,Annual,Price level indices (EU27_2020=100),Household final consumption expenditure,Austria,2014,109.3,,
ESTAT:TEC00120(1.0),09/07/26 23:00:00,Annual,Price level indices (EU27_2020=100),Household final consumption expenditure,Austria,2015,109.3,,
ESTAT:TEC00120(1.0),09/07/26 23:00:00,Annual,Price level indices (EU27_2020=100),Household final consumption expenditure,Austria,2016,110.4,,
ESTAT:TEC00120(1.0),09/07/26 23:00:00,Annual,Price level indices (EU27_2020=100),Household final consumption expenditure,Austria,2017,111.6,,
ESTAT:TEC00120(1.0),09/07/26 23:00:00,Annual,Price level indices (EU27_2020=100),Household final consumption expenditure,Austria,2018,112.1,,
ESTAT:TEC00120(1.0),09/07/26 23:00:00,Annual,Price level indices (EU27_2020=100),Household final consumption expenditure,Austria,2019,113.2,,
ESTAT:TEC00120(1.0),09/07/26 23:00:00,Annual,Price level indices (EU27_2020=100),Household final consumption expenditure,Austria,2020,111.7,,
ESTAT:TEC00120(1.0),09/07/26 23:00:00,Annual,Price level indices (EU27_2020=100),Household final consumption expenditure,Austria,2021,108.5,,
ESTAT:TEC00120(1.0),09/07/26 23:00:00,Annual,Price level indices (EU27_2020=100),Household final consumption expenditure,Austria,2022,107.9,,
ESTAT:TEC00120(1.0),09/07/26 23:00:00,Annual,Price level indices (EU27_2020=100),Household final consumption expenditure,Austria,2023,111.5,,
ESTAT:TEC00120(1.0),09/07/26 23:00:00,Annual,Price level indices (EU27_2020=100),Household final consumption expenditure,Austria,2024,111.7,,
ESTAT:TEC00120(1.0),09/07/26 23:00:00,Annual,Price level indices (EU27_2020=100),Household final consumption expenditure,Austria,2025,113.0,,
ESTAT:TEC00120(1.0),09/07/26 23:00:00,Annual,Price level indices (EU27_2020=100),Household final consumption expenditure,Bosnia and Herzegovina,2014,54.5,,
ESTAT:TEC00120(1.0),09/07/26 23:00:00,Annual,Price level indices (EU27_2020=100),Household final consumption expenditure,Bosnia and Herzegovina,2015,53.8,,
ESTAT:TEC00120(1.0),09/07/26 23:00:00,Annual,Price level indices (EU27_2020=100),Household final consumption expenditure,Bosnia and Herzegovina,2016,53.3,,
ESTAT:TEC00120(1.0),09/07/26 23:00:00,Annual,Price level indices (EU27_2020=100),Household final consumption expenditure,Bosnia and Herzegovina,2017,54.5,,
ESTAT:TEC00120(1.0),09/07/26 23:00:00,Annual,Price level indices (EU27_2020=100),Household final consumption expenditure,Bosnia and Herzegovina,2018,54.8,,
ESTAT:TEC00120(1.0),09/07/26 23:00:00,Annual,Price level indices (EU27_2020=100),Household final consumption expenditure,Bosnia and Herzegovina,2019,54.8,,
ESTAT:TEC00120(1.0),09/07/26 23:00:00,Annual,Price level indices (EU27_2020=100),Household final consumption expenditure,Bosnia and Herzegovina,2020,56.1,,
ESTAT:TEC00120(1.0),09/07/26 23:00:00,Annual,Price level indices (EU27_2020=100),Household final consumption expenditure,Bosnia and Herzegovina,2021,56.2,,
ESTAT:TEC00120(1.0),09/07/26 23:00:00,Annual,Price level indices (EU27_2020=100),Household final consumption expenditure,Bosnia and Herzegovina,2022,58.4,,
ESTAT:TEC00120(1.0),09/07/26 23:00:00,Annual,Price level indices (EU27_2020=100),Household final consumption expenditure,Bosnia and Herzegovina,2023,58.4,,
ESTAT:TEC00120(1.0),09/07/26 23:00:00,Annual,Price level indices (EU27_2020=100),Household final consumption expenditure,Bosnia and Herzegovina,2024,58.4,,
ESTAT:TEC00120(1.0),09/07/26 23:00:00,Annual,Price level indices (EU27_2020=100),Household final consumption expenditure,Bosnia and Herzegovina,2025,59.2,,
ESTAT:TEC00120(1.0),09/07/26 23:00:00,Annual,Price level indices (EU27_2020=100),Household final consumption expenditure,Belgium,2014,111.2,,
ESTAT:TEC00120(1.0),09/07/26 23:00:00,Annual,Price level indices (EU27_2020=100),Household final consumption expenditure,Belgium,2015,111.2,,
ESTAT:TEC00120(1.0),09/07/26 23:00:00,Annual,Price level indices (EU27_2020=100),Household final consumption expenditure,Belgium,2016,113.3,,
ESTAT:TEC00120(1.0),09/07/26 23:00:00,Annual,Price level indices (EU27_2020=100),Household final consumption expenditure,Belgium,2017,114.3,,
ESTAT:TEC00120(1.0),09/07/26 23:00:00,Annual,Price level indices (EU27_2020=100),Household final consumption expenditure,Belgium,2018,114.7,,
ESTAT:TEC00120(1.0),09/07/26 23:00:00,Annual,Price level indices (EU27_2020=100),Household final consumption expenditure,Belgium,2019,114.9,,
ESTAT:TEC00120(1.0),09/07/26 23:00:00,Annual,Price level indices (EU27_2020=100),Household final consumption expenditure,Belgium,2020,113.6,,
ESTAT:TEC00120(1.0),09/07/26 23:00:00,Annual,Price level indices (EU27_2020=100),Household final consumption expenditure,Belgium,2021,115.5,,
ESTAT:TEC00120(1.0),09/07/26 23:00:00,Annual,Price level indices (EU27_2020=100),Household final consumption expenditure,Belgium,2022,117.4,,
ESTAT:TEC00120(1.0),09/07/26 23:00:00,Annual,Price level indices (EU27_2020=100),Household final consumption expenditure,Belgium,2023,116.9,,
ESTAT:TEC00120(1.0),09/07/26 23:00:00,Annual,Price level indices (EU27_2020=100),Household final consumption expenditure,Belgium,2024,116.7,,
ESTAT:TEC00120(1.0),09/07/26 23:00:00,Annual,Price level indices (EU27_2020=100),Household final consumption expenditure,Belgium,2025,116.2,,
ESTAT:TEC00120(1.0),09/07/26 23:00:00,Annual,Price level indices (EU27_2020=100),Household final consumption expenditure,Bulgaria,2014,49.3,,
ESTAT:TEC00120(1.0),09/07/26 23:00:00,Annual,Price level indices (EU27_2020=100),Household final consumption expenditure,Bulgaria,2015,49.7,,
ESTAT:TEC00120(1.0),09/07/26 23:00:00,Annual,Price level indices (EU27_2020=100),Household final consumption expenditure,Bulgaria,2016,49.7,,
ESTAT:TEC00120(1.0),09/07/26 23:00:00,Annual,Price level indices (EU27_2020=100),Household final consumption expenditure,Bulgaria,2017,51.2,,
ESTAT:TEC00120(1.0),09/07/26 23:00:00,Annual,Price level indices (EU27_2020=100),Household final consumption expenditure,Bulgaria,2018,51.9,,
ESTAT:TEC00120(1.0),09/07/26 23:00:00,Annual,Price level indices (EU27_2020=100),Household final consumption expenditure,Bulgaria,2019,53.6,,
ESTAT:TEC00120(1.0),09/07/26 23:00:00,Annual,Price level indices (EU27_2020=100),Household final consumption expenditure,Bulgaria,2020,55.2,,
ESTAT:TEC00120(1.0),09/07/26 23:00:00,Annual,Price level indices (EU27_2020=100),Household final consumption expenditure,Bulgaria,2021,55.5,,
ESTAT:TEC00120(1.0),09/07/26 23:00:00,Annual,Price level indices (EU27_2020=100),Household final consumption expenditure,Bulgaria,2022,58.2,,
ESTAT:TEC00120(1.0),09/07/26 23:00:00,Annual,Price level indices (EU27_2020=100),Household final consumption expenditure,Bulgaria,2023,59.2,,
ESTAT:TEC00120(1.0),09/07/26 23:00:00,Annual,Price level indices (EU27_2020=100),Household final consumption expenditure,Bulgaria,2024,60.5,,
ESTAT:TEC00120(1.0),09/07/26 23:00:00,Annual,Price level indices (EU27_2020=100),Household final consumption expenditure,Bulgaria,2025,62.5,,
ESTAT:TEC00120(1.0),09/07/26 23:00:00,Annual,Price level indices (EU27_2020=100),Household final consumption expenditure,Switzerland,2014,152.5,,
ESTAT:TEC00120(1.0),09/07/26 23:00:00,Annual,Price level indices (EU27_2020=100),Household final consumption expenditure,Switzerland,2015,170.0,,
ESTAT:TEC00120(1.0),09/07/26 23:00:00,Annual,Price level indices (EU27_2020=100),Household final consumption expenditure,Switzerland,2016,168.2,,
ESTAT:TEC00120(1.0),09/07/26 23:00:00,Annual,Price level indices (EU27_2020=100),Household final consumption expenditure,Switzerland,2017,164.7,,
ESTAT:TEC00120(1.0),09/07/26 23:00:00,Annual,Price level indices (EU27_2020=100),Household final consumption expenditure,Switzerland,2018,158.9,,
ESTAT:TEC00120(1.0),09/07/26 23:00:00,Annual,Price level indices (EU27_2020=100),Household final consumption expenditure,Switzerland,2019,165.0,,
ESTAT:TEC00120(1.0),09/07/26 23:00:00,Annual,Price level indices (EU27_2020=100),Household final consumption expenditure,Switzerland,2020,171.5,,
ESTAT:TEC00120(1.0),09/07/26 23:00:00,Annual,Price level indices (EU27_2020=100),Household final consumption expenditure,Switzerland,2021,166.2,,
ESTAT:TEC00120(1.0),09/07/26 23:00:00,Annual,Price level indices (EU27_2020=100),Household final consumption expenditure,Switzerland,2022,170.7,,
ESTAT:TEC00120(1.0),09/07/26 23:00:00,Annual,Price level indices (EU27_2020=100),Household final consumption expenditure,Switzerland,2023,171.7,,
ESTAT:TEC00120(1.0),09/07/26 23:00:00,Annual,Price level indices (EU27_2020=100),Household final consumption expenditure,Switzerland,2024,173.0,,
ESTAT:TEC00120(1.0),09/07/26 23:00:00,Annual,Price level indices (EU27_2020=100),Household final consumption expenditure,Switzerland,2025,171.3,,
ESTAT:TEC00120(1.0),09/07/26 23:00:00,Annual,Price level indices (EU27_2020=100),Household final consumption expenditure,Cyprus,2014,94.7,,
ESTAT:TEC00120(1.0),09/07/26 23:00:00,Annual,Price level indices (EU27_2020=100),Household final consumption expenditure,Cyprus,2015,92.2,,
ESTAT:TEC00120(1.0),09/07/26 23:00:00,Annual,Price level indices (EU27_2020=100),Household final consumption expenditure,Cyprus,2016,89.5,,
ESTAT:TEC00120(1.0),09/07/26 23:00:00,Annual,Price level indices (EU27_2020=100),Household final consumption expenditure,Cyprus,2017,89.8,,
ESTAT:TEC00120(1.0),09/07/26 23:00:00,Annual,Price level indices (EU27_2020=100),Household final consumption expenditure,Cyprus,2018,90.9,,
ESTAT:TEC00120(1.0),09/07/26 23:00:00,Annual,Price level indices (EU27_2020=100),Household final consumption expenditure,Cyprus,2019,91.3,,
ESTAT:TEC00120(1.0),09/07/26 23:00:00,Annual,Price level indices (EU27_2020=100),Household final consumption expenditure,Cyprus,2020,90.7,,
ESTAT:TEC00120(1.0),09/07/26 23:00:00,Annual,Price level indices (EU27_2020=100),Household final consumption expenditure,Cyprus,2021,92.6,,
ESTAT:TEC00120(1.0),09/07/26 23:00:00,Annual,Price level indices (EU27_2020=100),Household final consumption expenditure,Cyprus,2022,93.3,,
ESTAT:TEC00120(1.0),09/07/26 23:00:00,Annual,Price level indices (EU27_2020=100),Household final consumption expenditure,Cyprus,2023,92.1,,
ESTAT:TEC00120(1.0),09/07/26 23:00:00,Annual,Price level indices (EU27_2020=100),Household final consumption expenditure,Cyprus,2024,91.6,,
ESTAT:TEC00120(1.0),09/07/26 23:00:00,Annual,Price level indices (EU27_2020=100),Household final consumption expenditure,Cyprus,2025,89.2,,
ESTAT:TEC00120(1.0),09/07/26 23:00:00,Annual,Price level indices (EU27_2020=100),Household final consumption expenditure,Czechia,2014,65.4,,
ESTAT:TEC00120(1.0),09/07/26 23:00:00,Annual,Price level indices (EU27_2020=100),Household final consumption expenditure,Czechia,2015,66.8,,
ESTAT:TEC00120(1.0),09/07/26 23:00:00,Annual,Price level indices (EU27_2020=100),Household final consumption expenditure,Czechia,2016,68.3,,
ESTAT:TEC00120(1.0),09/07/26 23:00:00,Annual,Price level indices (EU27_2020=100),Household final consumption expenditure,Czechia,2017,70.5,,
ESTAT:TEC00120(1.0),09/07/26 23:00:00,Annual,Price level indices (EU27_2020=100),Household final consumption expenditure,Czechia,2018,74.0,,
ESTAT:TEC00120(1.0),09/07/26 23:00:00,Annual,Price level indices (EU27_2020=100),Household final consumption expenditure,Czechia,2019,75.1,,
ESTAT:TEC00120(1.0),09/07/26 23:00:00,Annual,Price level indices (EU27_2020=100),Household final consumption expenditure,Czechia,2020,76.3,,
ESTAT:TEC00120(1.0),09/07/26 23:00:00,Annual,Price level indices (EU27_2020=100),Household final consumption expenditure,Czechia,2021,83.3,,
ESTAT:TEC00120(1.0),09/07/26 23:00:00,Annual,Price level indices (EU27_2020=100),Household final consumption expenditure,Czechia,2022,89.6,,
ESTAT:TEC00120(1.0),09/07/26 23:00:00,Annual,Price level indices (EU27_2020=100),Household final consumption expenditure,Czechia,2023,91.7,,
ESTAT:TEC00120(1.0),09/07/26 23:00:00,Annual,Price level indices (EU27_2020=100),Household final consumption expenditure,Czechia,2024,88.5,,
ESTAT:TEC00120(1.0),09/07/26 23:00:00,Annual,Price level indices (EU27_2020=100),Household final consumption expenditure,Czechia,2025,89.4,,
ESTAT:TEC00120(1.0),09/07/26 23:00:00,Annual,Price level indices (EU27_2020=100),Household final consumption expenditure,Germany,2014,106.0,,
ESTAT:TEC00120(1.0),09/07/26 23:00:00,Annual,Price level indices (EU27_2020=100),Household final consumption expenditure,Germany,2015,107.0,,
ESTAT:TEC00120(1.0),09/07/26 23:00:00,Annual,Price level indices (EU27_2020=100),Household final consumption expenditure,Germany,2016,107.1,,
ESTAT:TEC00120(1.0),09/07/26 23:00:00,Annual,Price level indices (EU27_2020=100),Household final consumption expenditure,Germany,2017,106.5,,
ESTAT:TEC00120(1.0),09/07/26 23:00:00,Annual,Price level indices (EU27_2020=100),Household final consumption expenditure,Germany,2018,105.8,,
ESTAT:TEC00120(1.0),09/07/26 23:00:00,Annual,Price level indices (EU27_2020=100),Household final consumption expenditure,Germany,2019,107.0,,
ESTAT:TEC00120(1.0),09/07/26 23:00:00,Annual,Price level indices (EU27_2020=100),Household final consumption expenditure,Germany,2020,106.9,,
ESTAT:TEC00120(1.0),09/07/26 23:00:00,Annual,Price level indices (EU27_2020=100),Household final consumption expenditure,Germany,2021,107.2,,
ESTAT:TEC00120(1.0),09/07/26 23:00:00,Annual,Price level indices (EU27_2020=100),Household final consumption expenditure,Germany,2022,108.4,,
ESTAT:TEC00120(1.0),09/07/26 23:00:00,Annual,Price level indices (EU27_2020=100),Household final consumption expenditure,Germany,2023,109.0,,
ESTAT:TEC00120(1.0),09/07/26 23:00:00,Annual,Price level indices (EU27_2020=100),Household final consumption expenditure,Germany,2024,108.8,,
ESTAT:TEC00120(1.0),09/07/26 23:00:00,Annual,Price level indices (EU27_2020=100),Household final consumption expenditure,Germany,2025,108.3,,
ESTAT:TEC00120(1.0),09/07/26 23:00:00,Annual,Price level indices (EU27_2020=100),Household final consumption expenditure,Denmark,2014,143.7,,
ESTAT:TEC00120(1.0),09/07/26 23:00:00,Annual,Price level indices (EU27_2020=100),Household final consumption expenditure,Denmark,2015,142.8,,
ESTAT:TEC00120(1.0),09/07/26 23:00:00,Annual,Price level indices (EU27_2020=100),Household final consumption expenditure,Denmark,2016,146.1,,
ESTAT:TEC00120(1.0),09/07/26 23:00:00,Annual,Price level indices (EU27_2020=100),Household final consumption expenditure,Denmark,2017,143.1,,
ESTAT:TEC00120(1.0),09/07/26 23:00:00,Annual,Price level indices (EU27_2020=100),Household final consumption expenditure,Denmark,2018,141.4,,
ESTAT:TEC00120(1.0),09/07/26 23:00:00,Annual,Price level indices (EU27_2020=100),Household final consumption expenditure,Denmark,2019,143.4,,
ESTAT:TEC00120(1.0),09/07/26 23:00:00,Annual,Price level indices (EU27_2020=100),Household final consumption expenditure,Denmark,2020,142.6,,
ESTAT:TEC00120(1.0),09/07/26 23:00:00,Annual,Price level indices (EU27_2020=100),Household final consumption expenditure,Denmark,2021,140.8,,
ESTAT:TEC00120(1.0),09/07/26 23:00:00,Annual,Price level indices (EU27_2020=100),Household final consumption expenditure,Denmark,2022,146.3,,
ESTAT:TEC00120(1.0),09/07/26 23:00:00,Annual,Price level indices (EU27_2020=100),Household final consumption expenditure,Denmark,2023,141.6,,
ESTAT:TEC00120(1.0),09/07/26 23:00:00,Annual,Price level indices (EU27_2020=100),Household final consumption expenditure,Denmark,2024,140.7,,
ESTAT:TEC00120(1.0),09/07/26 23:00:00,Annual,Price level indices (EU27_2020=100),Household final consumption expenditure,Denmark,2025,139.7,,
ESTAT:TEC00120(1.0),09/07/26 23:00:00,Annual,Price level indices (EU27_2020=100),Household final consumption expenditure,Euro area - 19 countries  (2015-2022),2014,105.4,,
ESTAT:TEC00120(1.0),09/07/26 23:00:00,Annual,Price level indices (EU27_2020=100),Household final consumption expenditure,Euro area - 19 countries  (2015-2022),2015,105.6,,
ESTAT:TEC00120(1.0),09/07/26 23:00:00,Annual,Price level indices (EU27_2020=100),Household final consumption expenditure,Euro area - 19 countries  (2015-2022),2016,105.7,,
ESTAT:TEC00120(1.0),09/07/26 23:00:00,Annual,Price level indices (EU27_2020=100),Household final consumption expenditure,Euro area - 19 countries  (2015-2022),2017,105.5,,
ESTAT:TEC00120(1.0),09/07/26 23:00:00,Annual,Price level indices (EU27_2020=100),Household final consumption expenditure,Euro area - 19 countries  (2015-2022),2018,105.7,,
ESTAT:TEC00120(1.0),09/07/26 23:00:00,Annual,Price level indices (EU27_2020=100),Household final consumption expenditure,Euro area - 19 countries  (2015-2022),2019,105.8,,
ESTAT:TEC00120(1.0),09/07/26 23:00:00,Annual,Price level indices (EU27_2020=100),Household final consumption expenditure,Euro area - 19 countries  (2015-2022),2020,106.1,,
ESTAT:TEC00120(1.0),09/07/26 23:00:00,Annual,Price level indices (EU27_2020=100),Household final consumption expenditure,Euro area - 19 countries  (2015-2022),2021,105.7,,
ESTAT:TEC00120(1.0),09/07/26 23:00:00,Annual,Price level indices (EU27_2020=100),Household final consumption expenditure,Euro area - 19 countries  (2015-2022),2022,105.3,,
ESTAT:TEC00120(1.0),09/07/26 23:00:00,Annual,Price level indices (EU27_2020=100),Household final consumption expenditure,Euro area - 19 countries  (2015-2022),2023,104.7,,
ESTAT:TEC00120(1.0),09/07/26 23:00:00,Annual,Price level indices (EU27_2020=100),Household final consumption expenditure,Euro area - 19 countries  (2015-2022),2024,104.4,,
ESTAT:TEC00120(1.0),09/07/26 23:00:00,Annual,Price level indices (EU27_2020=100),Household final consumption expenditure,Euro area - 19 countries  (2015-2022),2025,104.2,,
ESTAT:TEC00120(1.0),09/07/26 23:00:00,Annual,Price level indices (EU27_2020=100),Household final consumption expenditure,Euro area – 20 countries (2023-2025),2014,105.1,,
ESTAT:TEC00120(1.0),09/07/26 23:00:00,Annual,Price level indices (EU27_2020=100),Household final consumption expenditure,Euro area – 20 countries (2023-2025),2015,105.3,,
ESTAT:TEC00120(1.0),09/07/26 23:00:00,Annual,Price level indices (EU27_2020=100),Household final consumption expenditure,Euro area – 20 countries (2023-2025),2016,105.4,,
ESTAT:TEC00120(1.0),09/07/26 23:00:00,Annual,Price level indices (EU27_2020=100),Household final consumption expenditure,Euro area – 20 countries (2023-2025),2017,105.3,,
ESTAT:TEC00120(1.0),09/07/26 23:00:00,Annual,Price level indices (EU27_2020=100),Household final consumption expenditure,Euro area – 20 countries (2023-2025),2018,105.4,,
ESTAT:TEC00120(1.0),09/07/26 23:00:00,Annual,Price level indices (EU27_2020=100),Household final consumption expenditure,Euro area – 20 countries (2023-2025),2019,105.6,,
ESTAT:TEC00120(1.0),09/07/26 23:00:00,Annual,Price level indices (EU27_2020=100),Household final consumption expenditure,Euro area – 20 countries (2023-2025),2020,105.8,,
ESTAT:TEC00120(1.0),09/07/26 23:00:00,Annual,Price level indices (EU27_2020=100),Household final consumption expenditure,Euro area – 20 countries (2023-2025),2021,105.4,,
ESTAT:TEC00120(1.0),09/07/26 23:00:00,Annual,Price level indices (EU27_2020=100),Household final consumption expenditure,Euro area – 20 countries (2023-2025),2022,105.0,,
ESTAT:TEC00120(1.0),09/07/26 23:00:00,Annual,Price level indices (EU27_2020=100),Household final consumption expenditure,Euro area – 20 countries (2023-2025),2023,104.5,,
ESTAT:TEC00120(1.0),09/07/26 23:00:00,Annual,Price level indices (EU27_2020=100),Household final consumption expenditure,Euro area – 20 countries (2023-2025),2024,104.2,,
ESTAT:TEC00120(1.0),09/07/26 23:00:00,Annual,Price level indices (EU27_2020=100),Household final consumption expenditure,Euro area – 20 countries (2023-2025),2025,104.0,,
ESTAT:TEC00120(1.0),09/07/26 23:00:00,Annual,Price level indices (EU27_2020=100),Household final consumption expenditure,Euro area – 21 countries (from 2026),2014,104.5,,
ESTAT:TEC00120(1.0),09/07/26 23:00:00,Annual,Price level indices (EU27_2020=100),Household final consumption expenditure,Euro area – 21 countries (from 2026),2015,104.7,,
ESTAT:TEC00120(1.0),09/07/26 23:00:00,Annual,Price level indices (EU27_2020=100),Household final consumption expenditure,Euro area – 21 countries (from 2026),2016,104.8,,
ESTAT:TEC00120(1.0),09/07/26 23:00:00,Annual,Price level indices (EU27_2020=100),Household final consumption expenditure,Euro area – 21 countries (from 2026),2017,104.7,,
ESTAT:TEC00120(1.0),09/07/26 23:00:00,Annual,Price level indices (EU27_2020=100),Household final consumption expenditure,Euro area – 21 countries (from 2026),2018,104.8,,
ESTAT:TEC00120(1.0),09/07/26 23:00:00,Annual,Price level indices (EU27_2020=100),Household final consumption expenditure,Euro area – 21 countries (from 2026),2019,105.0,,
ESTAT:TEC00120(1.0),09/07/26 23:00:00,Annual,Price level indices (EU27_2020=100),Household final consumption expenditure,Euro area – 21 countries (from 2026),2020,105.2,,
ESTAT:TEC00120(1.0),09/07/26 23:00:00,Annual,Price level indices (EU27_2020=100),Household final consumption expenditure,Euro area – 21 countries (from 2026),2021,104.8,,
ESTAT:TEC00120(1.0),09/07/26 23:00:00,Annual,Price level indices (EU27_2020=100),Household final consumption expenditure,Euro area – 21 countries (from 2026),2022,104.4,,
ESTAT:TEC00120(1.0),09/07/26 23:00:00,Annual,Price level indices (EU27_2020=100),Household final consumption expenditure,Euro area – 21 countries (from 2026),2023,103.9,,
ESTAT:TEC00120(1.0),09/07/26 23:00:00,Annual,Price level indices (EU27_2020=100),Household final consumption expenditure,Euro area – 21 countries (from 2026),2024,103.6,,
ESTAT:TEC00120(1.0),09/07/26 23:00:00,Annual,Price level indices (EU27_2020=100),Household final consumption expenditure,Euro area – 21 countries (from 2026),2025,103.4,,
ESTAT:TEC00120(1.0),09/07/26 23:00:00,Annual,Price level indices (EU27_2020=100),Household final consumption expenditure,Estonia,2014,77.5,,
ESTAT:TEC00120(1.0),09/07/26 23:00:00,Annual,Price level indices (EU27_2020=100),Household final consumption expenditure,Estonia,2015,77.5,,
ESTAT:TEC00120(1.0),09/07/26 23:00:00,Annual,Price level indices (EU27_2020=100),Household final consumption expenditure,Estonia,2016,78.8,,
ESTAT:TEC00120(1.0),09/07/26 23:00:00,Annual,Price level indices (EU27_2020=100),Household final consumption expenditure,Estonia,2017,80.9,,
ESTAT:TEC00120(1.0),09/07/26 23:00:00,Annual,Price level indices (EU27_2020=100),Household final consumption expenditure,Estonia,2018,83.0,,
ESTAT:TEC00120(1.0),09/07/26 23:00:00,Annual,Price level indices (EU27_2020=100),Household final consumption expenditure,Estonia,2019,84.9,,
ESTAT:TEC00120(1.0),09/07/26 23:00:00,Annual,Price level indices (EU27_2020=100),Household final consumption expenditure,Estonia,2020,86.0,,
ESTAT:TEC00120(1.0),09/07/26 23:00:00,Annual,Price level indices (EU27_2020=100),Household final consumption expenditure,Estonia,2021,91.1,,
ESTAT:TEC00120(1.0),09/07/26 23:00:00,Annual,Price level indices (EU27_2020=100),Household final consumption expenditure,Estonia,2022,99.6,,
ESTAT:TEC00120(1.0),09/07/26 23:00:00,Annual,Price level indices (EU27_2020=100),Household final consumption expenditure,Estonia,2023,99.8,,
ESTAT:TEC00120(1.0),09/07/26 23:00:00,Annual,Price level indices (EU27_2020=100),Household final consumption expenditure,Estonia,2024,100.2,,
ESTAT:TEC00120(1.0),09/07/26 23:00:00,Annual,Price level indices (EU27_2020=100),Household final consumption expenditure,Estonia,2025,101.2,,
ESTAT:TEC00120(1.0),09/07/26 23:00:00,Annual,Price level indices (EU27_2020=100),Household final consumption expenditure,Greece,2014,88.7,,
ESTAT:TEC00120(1.0),09/07/26 23:00:00,Annual,Price level indices (EU27_2020=100),Household final consumption expenditure,Greece,2015,88.2,,
ESTAT:TEC00120(1.0),09/07/26 23:00:00,Annual,Price level indices (EU27_2020=100),Household final consumption expenditure,Greece,2016,87.7,,
ESTAT:TEC00120(1.0),09/07/26 23:00:00,Annual,Price level indices (EU27_2020=100),Household final consumption expenditure,Greece,2017,86.9,,
ESTAT:TEC00120(1.0),09/07/26 23:00:00,Annual,Price level indices (EU27_2020=100),Household final consumption expenditure,Greece,2018,86.8,,
ESTAT:TEC00120(1.0),09/07/26 23:00:00,Annual,Price level indices (EU27_2020=100),Household final consumption expenditure,Greece,2019,86.9,,
ESTAT:TEC00120(1.0),09/07/26 23:00:00,Annual,Price level indices (EU27_2020=100),Household final consumption expenditure,Greece,2020,88.4,,
ESTAT:TEC00120(1.0),09/07/26 23:00:00,Annual,Price level indices (EU27_2020=100),Household final consumption expenditure,Greece,2021,87.3,,
ESTAT:TEC00120(1.0),09/07/26 23:00:00,Annual,Price level indices (EU27_2020=100),Household final consumption expenditure,Greece,2022,87.4,,
ESTAT:TEC00120(1.0),09/07/26 23:00:00,Annual,Price level indices (EU27_2020=100),Household final consumption expenditure,Greece,2023,85.8,,
ESTAT:TEC00120(1.0),09/07/26 23:00:00,Annual,Price level indices (EU27_2020=100),Household final consumption expenditure,Greece,2024,86.5,,
ESTAT:TEC00120(1.0),09/07/26 23:00:00,Annual,Price level indices (EU27_2020=100),Household final consumption expenditure,Greece,2025,87.4,,
ESTAT:TEC00120(1.0),09/07/26 23:00:00,Annual,Price level indices (EU27_2020=100),Household final consumption expenditure,Spain,2014,96.2,,
ESTAT:TEC00120(1.0),09/07/26 23:00:00,Annual,Price level indices (EU27_2020=100),Household final consumption expenditure,Spain,2015,94.8,,
ESTAT:TEC00120(1.0),09/07/26 23:00:00,Annual,Price level indices (EU27_2020=100),Household final consumption expenditure,Spain,2016,95.3,,
ESTAT:TEC00120(1.0),09/07/26 23:00:00,Annual,Price level indices (EU27_2020=100),Household final consumption expenditure,Spain,2017,94.7,,
ESTAT:TEC00120(1.0),09/07/26 23:00:00,Annual,Price level indices (EU27_2020=100),Household final consumption expenditure,Spain,2018,96.4,,
ESTAT:TEC00120(1.0),09/07/26 23:00:00,Annual,Price level indices (EU27_2020=100),Household final consumption expenditure,Spain,2019,95.9,,
ESTAT:TEC00120(1.0),09/07/26 23:00:00,Annual,Price level indices (EU27_2020=100),Household final consumption expenditure,Spain,2020,97.8,,
ESTAT:TEC00120(1.0),09/07/26 23:00:00,Annual,Price level indices (EU27_2020=100),Household final consumption expenditure,Spain,2021,94.5,,
ESTAT:TEC00120(1.0),09/07/26 23:00:00,Annual,Price level indices (EU27_2020=100),Household final consumption expenditure,Spain,2022,93.8,,
ESTAT:TEC00120(1.0),09/07/26 23:00:00,Annual,Price level indices (EU27_2020=100),Household final consumption expenditure,Spain,2023,90.3,,
ESTAT:TEC00120(1.0),09/07/26 23:00:00,Annual,Price level indices (EU27_2020=100),Household final consumption expenditure,Spain,2024,91.3,,
ESTAT:TEC00120(1.0),09/07/26 23:00:00,Annual,Price level indices (EU27_2020=100),Household final consumption expenditure,Spain,2025,91.6,,
ESTAT:TEC00120(1.0),09/07/26 23:00:00,Annual,Price level indices (EU27_2020=100),Household final consumption expenditure,European Union - 27 countries (from 2020),2014,100.0,,
ESTAT:TEC00120(1.0),09/07/26 23:00:00,Annual,Price level indices (EU27_2020=100),Household final consumption expenditure,European Union - 27 countries (from 2020),2015,100.0,,
ESTAT:TEC00120(1.0),09/07/26 23:00:00,Annual,Price level indices (EU27_2020=100),Household final consumption expenditure,European Union - 27 countries (from 2020),2016,100.0,,
ESTAT:TEC00120(1.0),09/07/26 23:00:00,Annual,Price level indices (EU27_2020=100),Household final consumption expenditure,European Union - 27 countries (from 2020),2017,100.0,,
ESTAT:TEC00120(1.0),09/07/26 23:00:00,Annual,Price level indices (EU27_2020=100),Household final consumption expenditure,European Union - 27 countries (from 2020),2018,100.0,,
ESTAT:TEC00120(1.0),09/07/26 23:00:00,Annual,Price level indices (EU27_2020=100),Household final consumption expenditure,European Union - 27 countries (from 2020),2019,100.0,,
ESTAT:TEC00120(1.0),09/07/26 23:00:00,Annual,Price level indices (EU27_2020=100),Household final consumption expenditure,European Union - 27 countries (from 2020),2020,100.0,,
ESTAT:TEC00120(1.0),09/07/26 23:00:00,Annual,Price level indices (EU27_2020=100),Household final consumption expenditure,European Union - 27 countries (from 2020),2021,100.0,,
ESTAT:TEC00120(1.0),09/07/26 23:00:00,Annual,Price level indices (EU27_2020=100),Household final consumption expenditure,European Union - 27 countries (from 2020),2022,100.0,,
ESTAT:TEC00120(1.0),09/07/26 23:00:00,Annual,Price level indices (EU27_2020=100),Household final consumption expenditure,European Union - 27 countries (from 2020),2023,100.0,,
ESTAT:TEC00120(1.0),09/07/26 23:00:00,Annual,Price level indices (EU27_2020=100),Household final consumption expenditure,European Union - 27 countries (from 2020),2024,100.0,,
ESTAT:TEC00120(1.0),09/07/26 23:00:00,Annual,Price level indices (EU27_2020=100),Household final consumption expenditure,European Union - 27 countries (from 2020),2025,100.0,,
ESTAT:TEC00120(1.0),09/07/26 23:00:00,Annual,Price level indices (EU27_2020=100),Household final consumption expenditure,Finland,2014,126.5,,
ESTAT:TEC00120(1.0),09/07/26 23:00:00,Annual,Price level indices (EU27_2020=100),Household final consumption expenditure,Finland,2015,125.8,,
ESTAT:TEC00120(1.0),09/07/26 23:00:00,Annual,Price level indices (EU27_2020=100),Household final consumption expenditure,Finland,2016,126.1,,
ESTAT:TEC00120(1.0),09/07/26 23:00:00,Annual,Price level indices (EU27_2020=100),Household final consumption expenditure,Finland,2017,125.1,,
ESTAT:TEC00120(1.0),09/07/26 23:00:00,Annual,Price level indices (EU27_2020=100),Household final consumption expenditure,Finland,2018,125.7,,
ESTAT:TEC00120(1.0),09/07/26 23:00:00,Annual,Price level indices (EU27_2020=100),Household final consumption expenditure,Finland,2019,126.3,,
ESTAT:TEC00120(1.0),09/07/26 23:00:00,Annual,Price level indices (EU27_2020=100),Household final consumption expenditure,Finland,2020,126.4,,
ESTAT:TEC00120(1.0),09/07/26 23:00:00,Annual,Price level indices (EU27_2020=100),Household final consumption expenditure,Finland,2021,125.8,,
ESTAT:TEC00120(1.0),09/07/26 23:00:00,Annual,Price level indices (EU27_2020=100),Household final consumption expenditure,Finland,2022,125.1,,
ESTAT:TEC00120(1.0),09/07/26 23:00:00,Annual,Price level indices (EU27_2020=100),Household final consumption expenditure,Finland,2023,123.8,,
ESTAT:TEC00120(1.0),09/07/26 23:00:00,Annual,Price level indices (EU27_2020=100),Household final consumption expenditure,Finland,2024,122.2,,
ESTAT:TEC00120(1.0),09/07/26 23:00:00,Annual,Price level indices (EU27_2020=100),Household final consumption expenditure,Finland,2025,120.8,,
ESTAT:TEC00120(1.0),09/07/26 23:00:00,Annual,Price level indices (EU27_2020=100),Household final consumption expenditure,France,2014,111.1,,
ESTAT:TEC00120(1.0),09/07/26 23:00:00,Annual,Price level indices (EU27_2020=100),Household final consumption expenditure,France,2015,112.0,,
ESTAT:TEC00120(1.0),09/07/26 23:00:00,Annual,Price level indices (EU27_2020=100),Household final consumption expenditure,France,2016,112.4,,
ESTAT:TEC00120(1.0),09/07/26 23:00:00,Annual,Price level indices (EU27_2020=100),Household final consumption expenditure,France,2017,113.0,,
ESTAT:TEC00120(1.0),09/07/26 23:00:00,Annual,Price level indices (EU27_2020=100),Household final consumption expenditure,France,2018,113.9,,
ESTAT:TEC00120(1.0),09/07/26 23:00:00,Annual,Price level indices (EU27_2020=100),Household final consumption expenditure,France,2019,113.4,,
ESTAT:TEC00120(1.0),09/07/26 23:00:00,Annual,Price level indices (EU27_2020=100),Household final consumption expenditure,France,2020,112.9,,
ESTAT:TEC00120(1.0),09/07/26 23:00:00,Annual,Price level indices (EU27_2020=100),Household final consumption expenditure,France,2021,114.3,,
ESTAT:TEC00120(1.0),09/07/26 23:00:00,Annual,Price level indices (EU27_2020=100),Household final consumption expenditure,France,2022,112.2,,
ESTAT:TEC00120(1.0),09/07/26 23:00:00,Annual,Price level indices (EU27_2020=100),Household final consumption expenditure,France,2023,111.7,,
ESTAT:TEC00120(1.0),09/07/26 23:00:00,Annual,Price level indices (EU27_2020=100),Household final consumption expenditure,France,2024,111.2,,
ESTAT:TEC00120(1.0),09/07/26 23:00:00,Annual,Price level indices (EU27_2020=100),Household final consumption expenditure,France,2025,110.3,,
ESTAT:TEC00120(1.0),09/07/26 23:00:00,Annual,Price level indices (EU27_2020=100),Household final consumption expenditure,Croatia,2014,68.4,,
ESTAT:TEC00120(1.0),09/07/26 23:00:00,Annual,Price level indices (EU27_2020=100),Household final consumption expenditure,Croatia,2015,67.8,,
ESTAT:TEC00120(1.0),09/07/26 23:00:00,Annual,Price level indices (EU27_2020=100),Household final consumption expenditure,Croatia,2016,68.5,,
ESTAT:TEC00120(1.0),09/07/26 23:00:00,Annual,Price level indices (EU27_2020=100),Household final consumption expenditure,Croatia,2017,69.2,,
ESTAT:TEC00120(1.0),09/07/26 23:00:00,Annual,Price level indices (EU27_2020=100),Household final consumption expenditure,Croatia,2018,70.6,,
ESTAT:TEC00120(1.0),09/07/26 23:00:00,Annual,Price level indices (EU27_2020=100),Household final consumption expenditure,Croatia,2019,71.3,,
ESTAT:TEC00120(1.0),09/07/26 23:00:00,Annual,Price level indices (EU27_2020=100),Household final consumption expenditure,Croatia,2020,70.7,,
ESTAT:TEC00120(1.0),09/07/26 23:00:00,Annual,Price level indices (EU27_2020=100),Household final consumption expenditure,Croatia,2021,69.4,,
ESTAT:TEC00120(1.0),09/07/26 23:00:00,Annual,Price level indices (EU27_2020=100),Household final consumption expenditure,Croatia,2022,73.1,,
ESTAT:TEC00120(1.0),09/07/26 23:00:00,Annual,Price level indices (EU27_2020=100),Household final consumption expenditure,Croatia,2023,74.9,,
ESTAT:TEC00120(1.0),09/07/26 23:00:00,Annual,Price level indices (EU27_2020=100),Household final consumption expenditure,Croatia,2024,76.6,,
ESTAT:TEC00120(1.0),09/07/26 23:00:00,Annual,Price level indices (EU27_2020=100),Household final consumption expenditure,Croatia,2025,78.4,,
ESTAT:TEC00120(1.0),09/07/26 23:00:00,Annual,Price level indices (EU27_2020=100),Household final consumption expenditure,Hungary,2014,60.3,,
ESTAT:TEC00120(1.0),09/07/26 23:00:00,Annual,Price level indices (EU27_2020=100),Household final consumption expenditure,Hungary,2015,61.4,,
ESTAT:TEC00120(1.0),09/07/26 23:00:00,Annual,Price level indices (EU27_2020=100),Household final consumption expenditure,Hungary,2016,62.4,,
ESTAT:TEC00120(1.0),09/07/26 23:00:00,Annual,Price level indices (EU27_2020=100),Household final consumption expenditure,Hungary,2017,65.9,,
ESTAT:TEC00120(1.0),09/07/26 23:00:00,Annual,Price level indices (EU27_2020=100),Household final consumption expenditure,Hungary,2018,65.9,,
ESTAT:TEC00120(1.0),09/07/26 23:00:00,Annual,Price level indices (EU27_2020=100),Household final consumption expenditure,Hungary,2019,67.4,,
ESTAT:TEC00120(1.0),09/07/26 23:00:00,Annual,Price level indices (EU27_2020=100),Household final consumption expenditure,Hungary,2020,66.3,,
ESTAT:TEC00120(1.0),09/07/26 23:00:00,Annual,Price level indices (EU27_2020=100),Household final consumption expenditure,Hungary,2021,68.2,,
ESTAT:TEC00120(1.0),09/07/26 23:00:00,Annual,Price level indices (EU27_2020=100),Household final consumption expenditure,Hungary,2022,67.7,,
ESTAT:TEC00120(1.0),09/07/26 23:00:00,Annual,Price level indices (EU27_2020=100),Household final consumption expenditure,Hungary,2023,74.2,,
ESTAT:TEC00120(1.0),09/07/26 23:00:00,Annual,Price level indices (EU27_2020=100),Household final consumption expenditure,Hungary,2024,74.3,,
ESTAT:TEC00120(1.0),09/07/26 23:00:00,Annual,Price level indices (EU27_2020=100),Household final consumption expenditure,Hungary,2025,77.5,,
ESTAT:TEC00120(1.0),09/07/26 23:00:00,Annual,Price level indices (EU27_2020=100),Household final consumption expenditure,Ireland,2014,128.0,,
ESTAT:TEC00120(1.0),09/07/26 23:00:00,Annual,Price level indices (EU27_2020=100),Household final consumption expenditure,Ireland,2015,128.3,,
ESTAT:TEC00120(1.0),09/07/26 23:00:00,Annual,Price level indices (EU27_2020=100),Household final consumption expenditure,Ireland,2016,129.3,,
ESTAT:TEC00120(1.0),09/07/26 23:00:00,Annual,Price level indices (EU27_2020=100),Household final consumption expenditure,Ireland,2017,131.5,,
ESTAT:TEC00120(1.0),09/07/26 23:00:00,Annual,Price level indices (EU27_2020=100),Household final consumption expenditure,Ireland,2018,134.1,,
ESTAT:TEC00120(1.0),09/07/26 23:00:00,Annual,Price level indices (EU27_2020=100),Household final consumption expenditure,Ireland,2019,136.3,,
ESTAT:TEC00120(1.0),09/07/26 23:00:00,Annual,Price level indices (EU27_2020=100),Household final consumption expenditure,Ireland,2020,141.7,,
ESTAT:TEC00120(1.0),09/07/26 23:00:00,Annual,Price level indices (EU27_2020=100),Household final consumption expenditure,Ireland,2021,138.3,,
ESTAT:TEC00120(1.0),09/07/26 23:00:00,Annual,Price level indices (EU27_2020=100),Household final consumption expenditure,Ireland,2022,136.9,,
ESTAT:TEC00120(1.0),09/07/26 23:00:00,Annual,Price level indices (EU27_2020=100),Household final consumption expenditure,Ireland,2023,137.6,,
ESTAT:TEC00120(1.0),09/07/26 23:00:00,Annual,Price level indices (EU27_2020=100),Household final consumption expenditure,Ireland,2024,136.8,,
ESTAT:TEC00120(1.0),09/07/26 23:00:00,Annual,Price level indices (EU27_2020=100),Household final consumption expenditure,Ireland,2025,136.2,,
ESTAT:TEC00120(1.0),09/07/26 23:00:00,Annual,Price level indices (EU27_2020=100),Household final consumption expenditure,Iceland,2014,125.3,,
ESTAT:TEC00120(1.0),09/07/26 23:00:00,Annual,Price level indices (EU27_2020=100),Household final consumption expenditure,Iceland,2015,136.1,,
ESTAT:TEC00120(1.0),09/07/26 23:00:00,Annual,Price level indices (EU27_2020=100),Household final consumption expenditure,Iceland,2016,158.8,,
ESTAT:TEC00120(1.0),09/07/26 23:00:00,Annual,Price level indices (EU27_2020=100),Household final consumption expenditure,Iceland,2017,174.2,,
ESTAT:TEC00120(1.0),09/07/26 23:00:00,Annual,Price level indices (EU27_2020=100),Household final consumption expenditure,Iceland,2018,168.4,,
ESTAT:TEC00120(1.0),09/07/26 23:00:00,Annual,Price level indices (EU27_2020=100),Household final consumption expenditure,Iceland,2019,161.8,,
ESTAT:TEC00120(1.0),09/07/26 23:00:00,Annual,Price level indices (EU27_2020=100),Household final consumption expenditure,Iceland,2020,142.7,,
ESTAT:TEC00120(1.0),09/07/26 23:00:00,Annual,Price level indices (EU27_2020=100),Household final consumption expenditure,Iceland,2021,149.8,,
ESTAT:TEC00120(1.0),09/07/26 23:00:00,Annual,Price level indices (EU27_2020=100),Household final consumption expenditure,Iceland,2022,159.8,,
ESTAT:TEC00120(1.0),09/07/26 23:00:00,Annual,Price level indices (EU27_2020=100),Household final consumption expenditure,Iceland,2023,157.4,,
ESTAT:TEC00120(1.0),09/07/26 23:00:00,Annual,Price level indices (EU27_2020=100),Household final consumption expenditure,Iceland,2024,162.1,,
ESTAT:TEC00120(1.0),09/07/26 23:00:00,Annual,Price level indices (EU27_2020=100),Household final consumption expenditure,Iceland,2025,173.5,,
ESTAT:TEC00120(1.0),09/07/26 23:00:00,Annual,Price level indices (EU27_2020=100),Household final consumption expenditure,Italy,2014,106.7,,
ESTAT:TEC00120(1.0),09/07/26 23:00:00,Annual,Price level indices (EU27_2020=100),Household final consumption expenditure,Italy,2015,106.4,,
ESTAT:TEC00120(1.0),09/07/26 23:00:00,Annual,Price level indices (EU27_2020=100),Household final consumption expenditure,Italy,2016,104.3,,
ESTAT:TEC00120(1.0),09/07/26 23:00:00,Annual,Price level indices (EU27_2020=100),Household final consumption expenditure,Italy,2017,103.7,,
ESTAT:TEC00120(1.0),09/07/26 23:00:00,Annual,Price level indices (EU27_2020=100),Household final consumption expenditure,Italy,2018,103.3,,
ESTAT:TEC00120(1.0),09/07/26 23:00:00,Annual,Price level indices (EU27_2020=100),Household final consumption expenditure,Italy,2019,101.6,,
ESTAT:TEC00120(1.0),09/07/26 23:00:00,Annual,Price level indices (EU27_2020=100),Household final consumption expenditure,Italy,2020,101.7,,
ESTAT:TEC00120(1.0),09/07/26 23:00:00,Annual,Price level indices (EU27_2020=100),Household final consumption expenditure,Italy,2021,101.0,,
ESTAT:TEC00120(1.0),09/07/26 23:00:00,Annual,Price level indices (EU27_2020=100),Household final consumption expenditure,Italy,2022,99.5,,
ESTAT:TEC00120(1.0),09/07/26 23:00:00,Annual,Price level indices (EU27_2020=100),Household final consumption expenditure,Italy,2023,98.0,,
ESTAT:TEC00120(1.0),09/07/26 23:00:00,Annual,Price level indices (EU27_2020=100),Household final consumption expenditure,Italy,2024,97.0,,
ESTAT:TEC00120(1.0),09/07/26 23:00:00,Annual,Price level indices (EU27_2020=100),Household final consumption expenditure,Italy,2025,97.1,,
ESTAT:TEC00120(1.0),09/07/26 23:00:00,Annual,Price level indices (EU27_2020=100),Household final consumption expenditure,Japan,2014,100.6,,
ESTAT:TEC00120(1.0),09/07/26 23:00:00,Annual,Price level indices (EU27_2020=100),Household final consumption expenditure,Japan,2015,104.2,,
ESTAT:TEC00120(1.0),09/07/26 23:00:00,Annual,Price level indices (EU27_2020=100),Household final consumption expenditure,Japan,2016,126.9,,
ESTAT:TEC00120(1.0),09/07/26 23:00:00,Annual,Price level indices (EU27_2020=100),Household final consumption expenditure,Japan,2017,122.0,,
ESTAT:TEC00120(1.0),09/07/26 23:00:00,Annual,Price level indices (EU27_2020=100),Household final consumption expenditure,Japan,2018,118.8,,
ESTAT:TEC00120(1.0),09/07/26 23:00:00,Annual,Price level indices (EU27_2020=100),Household final consumption expenditure,Japan,2019,133.6,,
ESTAT:TEC00120(1.0),09/07/26 23:00:00,Annual,Price level indices (EU27_2020=100),Household final consumption expenditure,Japan,2020,132.1,,
ESTAT:TEC00120(1.0),09/07/26 23:00:00,Annual,Price level indices (EU27_2020=100),Household final consumption expenditure,Japan,2021,121.6,,
ESTAT:TEC00120(1.0),09/07/26 23:00:00,Annual,Price level indices (EU27_2020=100),Household final consumption expenditure,Japan,2022,113.2,,
ESTAT:TEC00120(1.0),09/07/26 23:00:00,Annual,Price level indices (EU27_2020=100),Household final consumption expenditure,Japan,2023,101.3,,
ESTAT:TEC00120(1.0),09/07/26 23:00:00,Annual,Price level indices (EU27_2020=100),Household final consumption expenditure,Japan,2024,94.1,,
ESTAT:TEC00120(1.0),09/07/26 23:00:00,Annual,Price level indices (EU27_2020=100),Household final consumption expenditure,Japan,2025,92.1,,
ESTAT:TEC00120(1.0),09/07/26 23:00:00,Annual,Price level indices (EU27_2020=100),Household final consumption expenditure,Lithuania,2014,64.6,,
ESTAT:TEC00120(1.0),09/07/26 23:00:00,Annual,Price level indices (EU27_2020=100),Household final consumption expenditure,Lithuania,2015,64.1,,
ESTAT:TEC00120(1.0),09/07/26 23:00:00,Annual,Price level indices (EU27_2020=100),Household final consumption expenditure,Lithuania,2016,65.1,,
ESTAT:TEC00120(1.0),09/07/26 23:00:00,Annual,Price level indices (EU27_2020=100),Household final consumption expenditure,Lithuania,2017,66.1,,
ESTAT:TEC00120(1.0),09/07/26 23:00:00,Annual,Price level indices (EU27_2020=100),Household final consumption expenditure,Lithuania,2018,67.5,,
ESTAT:TEC00120(1.0),09/07/26 23:00:00,Annual,Price level indices (EU27_2020=100),Household final consumption expenditure,Lithuania,2019,68.0,,
ESTAT:TEC00120(1.0),09/07/26 23:00:00,Annual,Price level indices (EU27_2020=100),Household final consumption expenditure,Lithuania,2020,69.9,,
ESTAT:TEC00120(1.0),09/07/26 23:00:00,Annual,Price level indices (EU27_2020=100),Household final consumption expenditure,Lithuania,2021,71.6,,
ESTAT:TEC00120(1.0),09/07/26 23:00:00,Annual,Price level indices (EU27_2020=100),Household final consumption expenditure,Lithuania,2022,79.3,,
ESTAT:TEC00120(1.0),09/07/26 23:00:00,Annual,Price level indices (EU27_2020=100),Household final consumption expenditure,Lithuania,2023,82.9,,
ESTAT:TEC00120(1.0),09/07/26 23:00:00,Annual,Price level indices (EU27_2020=100),Household final consumption expenditure,Lithuania,2024,81.6,,
ESTAT:TEC00120(1.0),09/07/26 23:00:00,Annual,Price level indices (EU27_2020=100),Household final consumption expenditure,Lithuania,2025,82.8,,
ESTAT:TEC00120(1.0),09/07/26 23:00:00,Annual,Price level indices (EU27_2020=100),Household final consumption expenditure,Luxembourg,2014,125.8,,
ESTAT:TEC00120(1.0),09/07/26 23:00:00,Annual,Price level indices (EU27_2020=100),Household final consumption expenditure,Luxembourg,2015,125.5,,
ESTAT:TEC00120(1.0),09/07/26 23:00:00,Annual,Price level indices (EU27_2020=100),Household final consumption expenditure,Luxembourg,2016,127.9,,
ESTAT:TEC00120(1.0),09/07/26 23:00:00,Annual,Price level indices (EU27_2020=100),Household final consumption expenditure,Luxembourg,2017,128.8,,
ESTAT:TEC00120(1.0),09/07/26 23:00:00,Annual,Price level indices (EU27_2020=100),Household final consumption expenditure,Luxembourg,2018,126.9,,
ESTAT:TEC00120(1.0),09/07/26 23:00:00,Annual,Price level indices (EU27_2020=100),Household final consumption expenditure,Luxembourg,2019,132.0,,
ESTAT:TEC00120(1.0),09/07/26 23:00:00,Annual,Price level indices (EU27_2020=100),Household final consumption expenditure,Luxembourg,2020,137.3,,
ESTAT:TEC00120(1.0),09/07/26 23:00:00,Annual,Price level indices (EU27_2020=100),Household final consumption expenditure,Luxembourg,2021,138.7,,
ESTAT:TEC00120(1.0),09/07/26 23:00:00,Annual,Price level indices (EU27_2020=100),Household final consumption expenditure,Luxembourg,2022,134.7,,
ESTAT:TEC00120(1.0),09/07/26 23:00:00,Annual,Price level indices (EU27_2020=100),Household final consumption expenditure,Luxembourg,2023,131.8,,
ESTAT:TEC00120(1.0),09/07/26 23:00:00,Annual,Price level indices (EU27_2020=100),Household final consumption expenditure,Luxembourg,2024,131.1,,
ESTAT:TEC00120(1.0),09/07/26 23:00:00,Annual,Price level indices (EU27_2020=100),Household final consumption expenditure,Luxembourg,2025,131.5,,
ESTAT:TEC00120(1.0),09/07/26 23:00:00,Annual,Price level indices (EU27_2020=100),Household final consumption expenditure,Latvia,2014,73.7,,
ESTAT:TEC00120(1.0),09/07/26 23:00:00,Annual,Price level indices (EU27_2020=100),Household final consumption expenditure,Latvia,2015,73.1,,
ESTAT:TEC00120(1.0),09/07/26 23:00:00,Annual,Price level indices (EU27_2020=100),Household final consumption expenditure,Latvia,2016,74.5,,
ESTAT:TEC00120(1.0),09/07/26 23:00:00,Annual,Price level indices (EU27_2020=100),Household final consumption expenditure,Latvia,2017,74.9,,
ESTAT:TEC00120(1.0),09/07/26 23:00:00,Annual,Price level indices (EU27_2020=100),Household final consumption expenditure,Latvia,2018,76.7,,
ESTAT:TEC00120(1.0),09/07/26 23:00:00,Annual,Price level indices (EU27_2020=100),Household final consumption expenditure,Latvia,2019,77.9,,
ESTAT:TEC00120(1.0),09/07/26 23:00:00,Annual,Price level indices (EU27_2020=100),Household final consumption expenditure,Latvia,2020,78.5,,
ESTAT:TEC00120(1.0),09/07/26 23:00:00,Annual,Price level indices (EU27_2020=100),Household final consumption expenditure,Latvia,2021,75.2,,
ESTAT:TEC00120(1.0),09/07/26 23:00:00,Annual,Price level indices (EU27_2020=100),Household final consumption expenditure,Latvia,2022,80.8,,
ESTAT:TEC00120(1.0),09/07/26 23:00:00,Annual,Price level indices (EU27_2020=100),Household final consumption expenditure,Latvia,2023,82.7,,
ESTAT:TEC00120(1.0),09/07/26 23:00:00,Annual,Price level indices (EU27_2020=100),Household final consumption expenditure,Latvia,2024,82.7,,
ESTAT:TEC00120(1.0),09/07/26 23:00:00,Annual,Price level indices (EU27_2020=100),Household final consumption expenditure,Latvia,2025,83.2,,
ESTAT:TEC00120(1.0),09/07/26 23:00:00,Annual,Price level indices (EU27_2020=100),Household final consumption expenditure,Montenegro,2014,56.8,,
ESTAT:TEC00120(1.0),09/07/26 23:00:00,Annual,Price level indices (EU27_2020=100),Household final consumption expenditure,Montenegro,2015,56.2,,
ESTAT:TEC00120(1.0),09/07/26 23:00:00,Annual,Price level indices (EU27_2020=100),Household final consumption expenditure,Montenegro,2016,55.9,,
ESTAT:TEC00120(1.0),09/07/26 23:00:00,Annual,Price level indices (EU27_2020=100),Household final consumption expenditure,Montenegro,2017,56.9,,
ESTAT:TEC00120(1.0),09/07/26 23:00:00,Annual,Price level indices (EU27_2020=100),Household final consumption expenditure,Montenegro,2018,57.5,,
ESTAT:TEC00120(1.0),09/07/26 23:00:00,Annual,Price level indices (EU27_2020=100),Household final consumption expenditure,Montenegro,2019,57.1,,
ESTAT:TEC00120(1.0),09/07/26 23:00:00,Annual,Price level indices (EU27_2020=100),Household final consumption expenditure,Montenegro,2020,59.9,,
ESTAT:TEC00120(1.0),09/07/26 23:00:00,Annual,Price level indices (EU27_2020=100),Household final consumption expenditure,Montenegro,2021,59.3,,
ESTAT:TEC00120(1.0),09/07/26 23:00:00,Annual,Price level indices (EU27_2020=100),Household final consumption expenditure,Montenegro,2022,61.4,,
ESTAT:TEC00120(1.0),09/07/26 23:00:00,Annual,Price level indices (EU27_2020=100),Household final consumption expenditure,Montenegro,2023,62.4,,
ESTAT:TEC00120(1.0),09/07/26 23:00:00,Annual,Price level indices (EU27_2020=100),Household final consumption expenditure,Montenegro,2024,64.2,,
ESTAT:TEC00120(1.0),09/07/26 23:00:00,Annual,Price level indices (EU27_2020=100),Household final consumption expenditure,Montenegro,2025,66.1,,
ESTAT:TEC00120(1.0),09/07/26 23:00:00,Annual,Price level indices (EU27_2020=100),Household final consumption expenditure,North Macedonia,2014,48.3,,
ESTAT:TEC00120(1.0),09/07/26 23:00:00,Annual,Price level indices (EU27_2020=100),Household final consumption expenditure,North Macedonia,2015,48.1,,
ESTAT:TEC00120(1.0),09/07/26 23:00:00,Annual,Price level indices (EU27_2020=100),Household final consumption expenditure,North Macedonia,2016,47.9,,
ESTAT:TEC00120(1.0),09/07/26 23:00:00,Annual,Price level indices (EU27_2020=100),Household final consumption expenditure,North Macedonia,2017,48.8,,
ESTAT:TEC00120(1.0),09/07/26 23:00:00,Annual,Price level indices (EU27_2020=100),Household final consumption expenditure,North Macedonia,2018,49.9,,
ESTAT:TEC00120(1.0),09/07/26 23:00:00,Annual,Price level indices (EU27_2020=100),Household final consumption expenditure,North Macedonia,2019,49.8,,
ESTAT:TEC00120(1.0),09/07/26 23:00:00,Annual,Price level indices (EU27_2020=100),Household final consumption expenditure,North Macedonia,2020,51.2,,
ESTAT:TEC00120(1.0),09/07/26 23:00:00,Annual,Price level indices (EU27_2020=100),Household final consumption expenditure,North Macedonia,2021,48.9,,
ESTAT:TEC00120(1.0),09/07/26 23:00:00,Annual,Price level indices (EU27_2020=100),Household final consumption expenditure,North Macedonia,2022,52.5,,
ESTAT:TEC00120(1.0),09/07/26 23:00:00,Annual,Price level indices (EU27_2020=100),Household final consumption expenditure,North Macedonia,2023,54.1,,
ESTAT:TEC00120(1.0),09/07/26 23:00:00,Annual,Price level indices (EU27_2020=100),Household final consumption expenditure,North Macedonia,2024,54.1,,
ESTAT:TEC00120(1.0),09/07/26 23:00:00,Annual,Price level indices (EU27_2020=100),Household final consumption expenditure,North Macedonia,2025,54.8,,
ESTAT:TEC00120(1.0),09/07/26 23:00:00,Annual,Price level indices (EU27_2020=100),Household final consumption expenditure,Malta,2014,83.9,,
ESTAT:TEC00120(1.0),09/07/26 23:00:00,Annual,Price level indices (EU27_2020=100),Household final consumption expenditure,Malta,2015,83.9,,
ESTAT:TEC00120(1.0),09/07/26 23:00:00,Annual,Price level indices (EU27_2020=100),Household final consumption expenditure,Malta,2016,84.5,,
ESTAT:TEC00120(1.0),09/07/26 23:00:00,Annual,Price level indices (EU27_2020=100),Household final consumption expenditure,Malta,2017,86.3,,
ESTAT:TEC00120(1.0),09/07/26 23:00:00,Annual,Price level indices (EU27_2020=100),Household final consumption expenditure,Malta,2018,86.5,,
ESTAT:TEC00120(1.0),09/07/26 23:00:00,Annual,Price level indices (EU27_2020=100),Household final consumption expenditure,Malta,2019,86.5,,
ESTAT:TEC00120(1.0),09/07/26 23:00:00,Annual,Price level indices (EU27_2020=100),Household final consumption expenditure,Malta,2020,89.6,,
ESTAT:TEC00120(1.0),09/07/26 23:00:00,Annual,Price level indices (EU27_2020=100),Household final consumption expenditure,Malta,2021,91.6,,
ESTAT:TEC00120(1.0),09/07/26 23:00:00,Annual,Price level indices (EU27_2020=100),Household final consumption expenditure,Malta,2022,90.5,,
ESTAT:TEC00120(1.0),09/07/26 23:00:00,Annual,Price level indices (EU27_2020=100),Household final consumption expenditure,Malta,2023,89.3,,
ESTAT:TEC00120(1.0),09/07/26 23:00:00,Annual,Price level indices (EU27_2020=100),Household final consumption expenditure,Malta,2024,90.6,,
ESTAT:TEC00120(1.0),09/07/26 23:00:00,Annual,Price level indices (EU27_2020=100),Household final consumption expenditure,Malta,2025,91.9,,
ESTAT:TEC00120(1.0),09/07/26 23:00:00,Annual,Price level indices (EU27_2020=100),Household final consumption expenditure,Netherlands,2014,114.0,,
ESTAT:TEC00120(1.0),09/07/26 23:00:00,Annual,Price level indices (EU27_2020=100),Household final consumption expenditure,Netherlands,2015,114.1,,
ESTAT:TEC00120(1.0),09/07/26 23:00:00,Annual,Price level indices (EU27_2020=100),Household final consumption expenditure,Netherlands,2016,115.8,,
ESTAT:TEC00120(1.0),09/07/26 23:00:00,Annual,Price level indices (EU27_2020=100),Household final consumption expenditure,Netherlands,2017,114.8,,
ESTAT:TEC00120(1.0),09/07/26 23:00:00,Annual,Price level indices (EU27_2020=100),Household final consumption expenditure,Netherlands,2018,114.3,,
ESTAT:TEC00120(1.0),09/07/26 23:00:00,Annual,Price level indices (EU27_2020=100),Household final consumption expenditure,Netherlands,2019,117.1,,
ESTAT:TEC00120(1.0),09/07/26 23:00:00,Annual,Price level indices (EU27_2020=100),Household final consumption expenditure,Netherlands,2020,116.2,,
ESTAT:TEC00120(1.0),09/07/26 23:00:00,Annual,Price level indices (EU27_2020=100),Household final consumption expenditure,Netherlands,2021,115.5,,
ESTAT:TEC00120(1.0),09/07/26 23:00:00,Annual,Price level indices (EU27_2020=100),Household final consumption expenditure,Netherlands,2022,114.2,,
ESTAT:TEC00120(1.0),09/07/26 23:00:00,Annual,Price level indices (EU27_2020=100),Household final consumption expenditure,Netherlands,2023,115.6,,
ESTAT:TEC00120(1.0),09/07/26 23:00:00,Annual,Price level indices (EU27_2020=100),Household final consumption expenditure,Netherlands,2024,115.1,,
ESTAT:TEC00120(1.0),09/07/26 23:00:00,Annual,Price level indices (EU27_2020=100),Household final consumption expenditure,Netherlands,2025,115.6,,
ESTAT:TEC00120(1.0),09/07/26 23:00:00,Annual,Price level indices (EU27_2020=100),Household final consumption expenditure,Norway,2014,152.5,,
ESTAT:TEC00120(1.0),09/07/26 23:00:00,Annual,Price level indices (EU27_2020=100),Household final consumption expenditure,Norway,2015,152.1,,
ESTAT:TEC00120(1.0),09/07/26 23:00:00,Annual,Price level indices (EU27_2020=100),Household final consumption expenditure,Norway,2016,152.6,,
ESTAT:TEC00120(1.0),09/07/26 23:00:00,Annual,Price level indices (EU27_2020=100),Household final consumption expenditure,Norway,2017,148.4,,
ESTAT:TEC00120(1.0),09/07/26 23:00:00,Annual,Price level indices (EU27_2020=100),Household final consumption expenditure,Norway,2018,145.6,,
ESTAT:TEC00120(1.0),09/07/26 23:00:00,Annual,Price level indices (EU27_2020=100),Household final consumption expenditure,Norway,2019,144.6,,
ESTAT:TEC00120(1.0),09/07/26 23:00:00,Annual,Price level indices (EU27_2020=100),Household final consumption expenditure,Norway,2020,135.8,,
ESTAT:TEC00120(1.0),09/07/26 23:00:00,Annual,Price level indices (EU27_2020=100),Household final consumption expenditure,Norway,2021,141.4,,
ESTAT:TEC00120(1.0),09/07/26 23:00:00,Annual,Price level indices (EU27_2020=100),Household final consumption expenditure,Norway,2022,143.0,,
ESTAT:TEC00120(1.0),09/07/26 23:00:00,Annual,Price level indices (EU27_2020=100),Household final consumption expenditure,Norway,2023,127.4,,
ESTAT:TEC00120(1.0),09/07/26 23:00:00,Annual,Price level indices (EU27_2020=100),Household final consumption expenditure,Norway,2024,127.2,,
ESTAT:TEC00120(1.0),09/07/26 23:00:00,Annual,Price level indices (EU27_2020=100),Household final consumption expenditure,Norway,2025,128.6,,
ESTAT:TEC00120(1.0),09/07/26 23:00:00,Annual,Price level indices (EU27_2020=100),Household final consumption expenditure,Poland,2014,58.1,,
ESTAT:TEC00120(1.0),09/07/26 23:00:00,Annual,Price level indices (EU27_2020=100),Household final consumption expenditure,Poland,2015,57.6,,
ESTAT:TEC00120(1.0),09/07/26 23:00:00,Annual,Price level indices (EU27_2020=100),Household final consumption expenditure,Poland,2016,55.9,,
ESTAT:TEC00120(1.0),09/07/26 23:00:00,Annual,Price level indices (EU27_2020=100),Household final consumption expenditure,Poland,2017,58.8,,
ESTAT:TEC00120(1.0),09/07/26 23:00:00,Annual,Price level indices (EU27_2020=100),Household final consumption expenditure,Poland,2018,59.6,,
ESTAT:TEC00120(1.0),09/07/26 23:00:00,Annual,Price level indices (EU27_2020=100),Household final consumption expenditure,Poland,2019,59.9,,
ESTAT:TEC00120(1.0),09/07/26 23:00:00,Annual,Price level indices (EU27_2020=100),Household final consumption expenditure,Poland,2020,59.1,,
ESTAT:TEC00120(1.0),09/07/26 23:00:00,Annual,Price level indices (EU27_2020=100),Household final consumption expenditure,Poland,2021,60.5,,
ESTAT:TEC00120(1.0),09/07/26 23:00:00,Annual,Price level indices (EU27_2020=100),Household final consumption expenditure,Poland,2022,62.0,,
ESTAT:TEC00120(1.0),09/07/26 23:00:00,Annual,Price level indices (EU27_2020=100),Household final consumption expenditure,Poland,2023,68.2,,
ESTAT:TEC00120(1.0),09/07/26 23:00:00,Annual,Price level indices (EU27_2020=100),Household final consumption expenditure,Poland,2024,72.3,,
ESTAT:TEC00120(1.0),09/07/26 23:00:00,Annual,Price level indices (EU27_2020=100),Household final consumption expenditure,Poland,2025,73.3,,
ESTAT:TEC00120(1.0),09/07/26 23:00:00,Annual,Price level indices (EU27_2020=100),Household final consumption expenditure,Portugal,2014,86.3,,
ESTAT:TEC00120(1.0),09/07/26 23:00:00,Annual,Price level indices (EU27_2020=100),Household final consumption expenditure,Portugal,2015,86.5,,
ESTAT:TEC00120(1.0),09/07/26 23:00:00,Annual,Price level indices (EU27_2020=100),Household final consumption expenditure,Portugal,2016,87.3,,
ESTAT:TEC00120(1.0),09/07/26 23:00:00,Annual,Price level indices (EU27_2020=100),Household final consumption expenditure,Portugal,2017,88.9,,
ESTAT:TEC00120(1.0),09/07/26 23:00:00,Annual,Price level indices (EU27_2020=100),Household final consumption expenditure,Portugal,2018,88.2,,
ESTAT:TEC00120(1.0),09/07/26 23:00:00,Annual,Price level indices (EU27_2020=100),Household final consumption expenditure,Portugal,2019,87.9,,
ESTAT:TEC00120(1.0),09/07/26 23:00:00,Annual,Price level indices (EU27_2020=100),Household final consumption expenditure,Portugal,2020,90.3,,
ESTAT:TEC00120(1.0),09/07/26 23:00:00,Annual,Price level indices (EU27_2020=100),Household final consumption expenditure,Portugal,2021,88.4,,
ESTAT:TEC00120(1.0),09/07/26 23:00:00,Annual,Price level indices (EU27_2020=100),Household final consumption expenditure,Portugal,2022,87.2,,
ESTAT:TEC00120(1.0),09/07/26 23:00:00,Annual,Price level indices (EU27_2020=100),Household final consumption expenditure,Portugal,2023,86.2,,
ESTAT:TEC00120(1.0),09/07/26 23:00:00,Annual,Price level indices (EU27_2020=100),Household final consumption expenditure,Portugal,2024,86.7,,
ESTAT:TEC00120(1.0),09/07/26 23:00:00,Annual,Price level indices (EU27_2020=100),Household final consumption expenditure,Portugal,2025,86.6,,
ESTAT:TEC00120(1.0),09/07/26 23:00:00,Annual,Price level indices (EU27_2020=100),Household final consumption expenditure,Romania,2014,55.0,,
ESTAT:TEC00120(1.0),09/07/26 23:00:00,Annual,Price level indices (EU27_2020=100),Household final consumption expenditure,Romania,2015,55.1,,
ESTAT:TEC00120(1.0),09/07/26 23:00:00,Annual,Price level indices (EU27_2020=100),Household final consumption expenditure,Romania,2016,53.8,,
ESTAT:TEC00120(1.0),09/07/26 23:00:00,Annual,Price level indices (EU27_2020=100),Household final consumption expenditure,Romania,2017,54.7,,
ESTAT:TEC00120(1.0),09/07/26 23:00:00,Annual,Price level indices (EU27_2020=100),Household final consumption expenditure,Romania,2018,55.7,,
ESTAT:TEC00120(1.0),09/07/26 23:00:00,Annual,Price level indices (EU27_2020=100),Household final consumption expenditure,Romania,2019,55.5,,
ESTAT:TEC00120(1.0),09/07/26 23:00:00,Annual,Price level indices (EU27_2020=100),Household final consumption expenditure,Romania,2020,55.4,,
ESTAT:TEC00120(1.0),09/07/26 23:00:00,Annual,Price level indices (EU27_2020=100),Household final consumption expenditure,Romania,2021,56.0,,
ESTAT:TEC00120(1.0),09/07/26 23:00:00,Annual,Price level indices (EU27_2020=100),Household final consumption expenditure,Romania,2022,60.8,,
ESTAT:TEC00120(1.0),09/07/26 23:00:00,Annual,Price level indices (EU27_2020=100),Household final consumption expenditure,Romania,2023,61.8,,
ESTAT:TEC00120(1.0),09/07/26 23:00:00,Annual,Price level indices (EU27_2020=100),Household final consumption expenditure,Romania,2024,64.1,,
ESTAT:TEC00120(1.0),09/07/26 23:00:00,Annual,Price level indices (EU27_2020=100),Household final consumption expenditure,Romania,2025,65.1,,
ESTAT:TEC00120(1.0),09/07/26 23:00:00,Annual,Price level indices (EU27_2020=100),Household final consumption expenditure,Serbia,2014,52.6,,
ESTAT:TEC00120(1.0),09/07/26 23:00:00,Annual,Price level indices (EU27_2020=100),Household final consumption expenditure,Serbia,2015,51.4,,
ESTAT:TEC00120(1.0),09/07/26 23:00:00,Annual,Price level indices (EU27_2020=100),Household final consumption expenditure,Serbia,2016,51.5,,
ESTAT:TEC00120(1.0),09/07/26 23:00:00,Annual,Price level indices (EU27_2020=100),Household final consumption expenditure,Serbia,2017,53.8,,
ESTAT:TEC00120(1.0),09/07/26 23:00:00,Annual,Price level indices (EU27_2020=100),Household final consumption expenditure,Serbia,2018,55.8,,
ESTAT:TEC00120(1.0),09/07/26 23:00:00,Annual,Price level indices (EU27_2020=100),Household final consumption expenditure,Serbia,2019,56.5,,
ESTAT:TEC00120(1.0),09/07/26 23:00:00,Annual,Price level indices (EU27_2020=100),Household final consumption expenditure,Serbia,2020,58.6,,
ESTAT:TEC00120(1.0),09/07/26 23:00:00,Annual,Price level indices (EU27_2020=100),Household final consumption expenditure,Serbia,2021,59.6,,
ESTAT:TEC00120(1.0),09/07/26 23:00:00,Annual,Price level indices (EU27_2020=100),Household final consumption expenditure,Serbia,2022,63.6,,
ESTAT:TEC00120(1.0),09/07/26 23:00:00,Annual,Price level indices (EU27_2020=100),Household final consumption expenditure,Serbia,2023,65.2,,
ESTAT:TEC00120(1.0),09/07/26 23:00:00,Annual,Price level indices (EU27_2020=100),Household final consumption expenditure,Serbia,2024,67.0,,
ESTAT:TEC00120(1.0),09/07/26 23:00:00,Annual,Price level indices (EU27_2020=100),Household final consumption expenditure,Serbia,2025,68.0,,
ESTAT:TEC00120(1.0),09/07/26 23:00:00,Annual,Price level indices (EU27_2020=100),Household final consumption expenditure,Sweden,2014,129.7,,
ESTAT:TEC00120(1.0),09/07/26 23:00:00,Annual,Price level indices (EU27_2020=100),Household final consumption expenditure,Sweden,2015,127.8,,
ESTAT:TEC00120(1.0),09/07/26 23:00:00,Annual,Price level indices (EU27_2020=100),Household final consumption expenditure,Sweden,2016,130.7,,
ESTAT:TEC00120(1.0),09/07/26 23:00:00,Annual,Price level indices (EU27_2020=100),Household final consumption expenditure,Sweden,2017,131.2,,
ESTAT:TEC00120(1.0),09/07/26 23:00:00,Annual,Price level indices (EU27_2020=100),Household final consumption expenditure,Sweden,2018,125.1,,
ESTAT:TEC00120(1.0),09/07/26 23:00:00,Annual,Price level indices (EU27_2020=100),Household final consumption expenditure,Sweden,2019,123.1,,
ESTAT:TEC00120(1.0),09/07/26 23:00:00,Annual,Price level indices (EU27_2020=100),Household final consumption expenditure,Sweden,2020,124.8,,
ESTAT:TEC00120(1.0),09/07/26 23:00:00,Annual,Price level indices (EU27_2020=100),Household final consumption expenditure,Sweden,2021,128.7,,
ESTAT:TEC00120(1.0),09/07/26 23:00:00,Annual,Price level indices (EU27_2020=100),Household final consumption expenditure,Sweden,2022,122.7,,
ESTAT:TEC00120(1.0),09/07/26 23:00:00,Annual,Price level indices (EU27_2020=100),Household final consumption expenditure,Sweden,2023,115.2,,
ESTAT:TEC00120(1.0),09/07/26 23:00:00,Annual,Price level indices (EU27_2020=100),Household final consumption expenditure,Sweden,2024,116.4,,
ESTAT:TEC00120(1.0),09/07/26 23:00:00,Annual,Price level indices (EU27_2020=100),Household final consumption expenditure,Sweden,2025,121.0,,
ESTAT:TEC00120(1.0),09/07/26 23:00:00,Annual,Price level indices (EU27_2020=100),Household final consumption expenditure,Slovenia,2014,86.1,,
ESTAT:TEC00120(1.0),09/07/26 23:00:00,Annual,Price level indices (EU27_2020=100),Household final consumption expenditure,Slovenia,2015,86.0,,
ESTAT:TEC00120(1.0),09/07/26 23:00:00,Annual,Price level indices (EU27_2020=100),Household final consumption expenditure,Slovenia,2016,86.9,,
ESTAT:TEC00120(1.0),09/07/26 23:00:00,Annual,Price level indices (EU27_2020=100),Household final consumption expenditure,Slovenia,2017,86.5,,
ESTAT:TEC00120(1.0),09/07/26 23:00:00,Annual,Price level indices (EU27_2020=100),Household final consumption expenditure,Slovenia,2018,87.1,,
ESTAT:TEC00120(1.0),09/07/26 23:00:00,Annual,Price level indices (EU27_2020=100),Household final consumption expenditure,Slovenia,2019,86.9,,
ESTAT:TEC00120(1.0),09/07/26 23:00:00,Annual,Price level indices (EU27_2020=100),Household final consumption expenditure,Slovenia,2020,87.3,,
ESTAT:TEC00120(1.0),09/07/26 23:00:00,Annual,Price level indices (EU27_2020=100),Household final consumption expenditure,Slovenia,2021,87.1,,
ESTAT:TEC00120(1.0),09/07/26 23:00:00,Annual,Price level indices (EU27_2020=100),Household final consumption expenditure,Slovenia,2022,88.1,,
ESTAT:TEC00120(1.0),09/07/26 23:00:00,Annual,Price level indices (EU27_2020=100),Household final consumption expenditure,Slovenia,2023,89.5,,
ESTAT:TEC00120(1.0),09/07/26 23:00:00,Annual,Price level indices (EU27_2020=100),Household final consumption expenditure,Slovenia,2024,89.5,,
ESTAT:TEC00120(1.0),09/07/26 23:00:00,Annual,Price level indices (EU27_2020=100),Household final consumption expenditure,Slovenia,2025,89.3,,
ESTAT:TEC00120(1.0),09/07/26 23:00:00,Annual,Price level indices (EU27_2020=100),Household final consumption expenditure,Slovakia,2014,70.5,,
ESTAT:TEC00120(1.0),09/07/26 23:00:00,Annual,Price level indices (EU27_2020=100),Household final consumption expenditure,Slovakia,2015,70.7,,
ESTAT:TEC00120(1.0),09/07/26 23:00:00,Annual,Price level indices (EU27_2020=100),Household final consumption expenditure,Slovakia,2016,77.9,,
ESTAT:TEC00120(1.0),09/07/26 23:00:00,Annual,Price level indices (EU27_2020=100),Household final consumption expenditure,Slovakia,2017,82.4,,
ESTAT:TEC00120(1.0),09/07/26 23:00:00,Annual,Price level indices (EU27_2020=100),Household final consumption expenditure,Slovakia,2018,84.5,,
ESTAT:TEC00120(1.0),09/07/26 23:00:00,Annual,Price level indices (EU27_2020=100),Household final consumption expenditure,Slovakia,2019,86.0,,
ESTAT:TEC00120(1.0),09/07/26 23:00:00,Annual,Price level indices (EU27_2020=100),Household final consumption expenditure,Slovakia,2020,83.2,,
ESTAT:TEC00120(1.0),09/07/26 23:00:00,Annual,Price level indices (EU27_2020=100),Household final consumption expenditure,Slovakia,2021,82.4,,
ESTAT:TEC00120(1.0),09/07/26 23:00:00,Annual,Price level indices (EU27_2020=100),Household final consumption expenditure,Slovakia,2022,85.9,,
ESTAT:TEC00120(1.0),09/07/26 23:00:00,Annual,Price level indices (EU27_2020=100),Household final consumption expenditure,Slovakia,2023,84.0,,
ESTAT:TEC00120(1.0),09/07/26 23:00:00,Annual,Price level indices (EU27_2020=100),Household final consumption expenditure,Slovakia,2024,84.6,,
ESTAT:TEC00120(1.0),09/07/26 23:00:00,Annual,Price level indices (EU27_2020=100),Household final consumption expenditure,Slovakia,2025,85.2,,
ESTAT:TEC00120(1.0),09/07/26 23:00:00,Annual,Price level indices (EU27_2020=100),Household final consumption expenditure,Türkiye,2014,60.9,,
ESTAT:TEC00120(1.0),09/07/26 23:00:00,Annual,Price level indices (EU27_2020=100),Household final consumption expenditure,Türkiye,2015,61.4,,
ESTAT:TEC00120(1.0),09/07/26 23:00:00,Annual,Price level indices (EU27_2020=100),Household final consumption expenditure,Türkiye,2016,61.7,,
ESTAT:TEC00120(1.0),09/07/26 23:00:00,Annual,Price level indices (EU27_2020=100),Household final consumption expenditure,Türkiye,2017,55.3,,
ESTAT:TEC00120(1.0),09/07/26 23:00:00,Annual,Price level indices (EU27_2020=100),Household final consumption expenditure,Türkiye,2018,45.8,,
ESTAT:TEC00120(1.0),09/07/26 23:00:00,Annual,Price level indices (EU27_2020=100),Household final consumption expenditure,Türkiye,2019,47.3,,
ESTAT:TEC00120(1.0),09/07/26 23:00:00,Annual,Price level indices (EU27_2020=100),Household final consumption expenditure,Türkiye,2020,44.9,,
ESTAT:TEC00120(1.0),09/07/26 23:00:00,Annual,Price level indices (EU27_2020=100),Household final consumption expenditure,Türkiye,2021,42.2,,
ESTAT:TEC00120(1.0),09/07/26 23:00:00,Annual,Price level indices (EU27_2020=100),Household final consumption expenditure,Türkiye,2022,41.1,,
ESTAT:TEC00120(1.0),09/07/26 23:00:00,Annual,Price level indices (EU27_2020=100),Household final consumption expenditure,Türkiye,2023,45.2,,
ESTAT:TEC00120(1.0),09/07/26 23:00:00,Annual,Price level indices (EU27_2020=100),Household final consumption expenditure,Türkiye,2024,55.5,,
ESTAT:TEC00120(1.0),09/07/26 23:00:00,Annual,Price level indices (EU27_2020=100),Household final consumption expenditure,Türkiye,2025,59.6,,
ESTAT:TEC00120(1.0),09/07/26 23:00:00,Annual,Price level indices (EU27_2020=100),Household final consumption expenditure,United Kingdom,2014,128.1,,
ESTAT:TEC00120(1.0),09/07/26 23:00:00,Annual,Price level indices (EU27_2020=100),Household final consumption expenditure,United Kingdom,2015,142.6,,
ESTAT:TEC00120(1.0),09/07/26 23:00:00,Annual,Price level indices (EU27_2020=100),Household final consumption expenditure,United Kingdom,2016,127.7,,
ESTAT:TEC00120(1.0),09/07/26 23:00:00,Annual,Price level indices (EU27_2020=100),Household final consumption expenditure,United Kingdom,2017,119.6,,
ESTAT:TEC00120(1.0),09/07/26 23:00:00,Annual,Price level indices (EU27_2020=100),Household final consumption expenditure,United Kingdom,2018,119.6,,
ESTAT:TEC00120(1.0),09/07/26 23:00:00,Annual,Price level indices (EU27_2020=100),Household final consumption expenditure,United Kingdom,2019,120.9,,
ESTAT:TEC00120(1.0),09/07/26 23:00:00,Annual,Price level indices (EU27_2020=100),Household final consumption expenditure,United Kingdom,2020,120.3,,
ESTAT:TEC00120(1.0),09/07/26 23:00:00,Annual,Price level indices (EU27_2020=100),Household final consumption expenditure,United Kingdom,2021,123.5,,
ESTAT:TEC00120(1.0),09/07/26 23:00:00,Annual,Price level indices (EU27_2020=100),Household final consumption expenditure,United Kingdom,2022,122.9,,
ESTAT:TEC00120(1.0),09/07/26 23:00:00,Annual,Price level indices (EU27_2020=100),Household final consumption expenditure,United Kingdom,2023,120.2,,
ESTAT:TEC00120(1.0),09/07/26 23:00:00,Annual,Price level indices (EU27_2020=100),Household final consumption expenditure,United Kingdom,2024,125.1,,
ESTAT:TEC00120(1.0),09/07/26 23:00:00,Annual,Price level indices (EU27_2020=100),Household final consumption expenditure,United Kingdom,2025,123.3,,
ESTAT:TEC00120(1.0),09/07/26 23:00:00,Annual,Price level indices (EU27_2020=100),Household final consumption expenditure,United States,2014,97.3,,
ESTAT:TEC00120(1.0),09/07/26 23:00:00,Annual,Price level indices (EU27_2020=100),Household final consumption expenditure,United States,2015,115.8,,
ESTAT:TEC00120(1.0),09/07/26 23:00:00,Annual,Price level indices (EU27_2020=100),Household final consumption expenditure,United States,2016,119.9,,
ESTAT:TEC00120(1.0),09/07/26 23:00:00,Annual,Price level indices (EU27_2020=100),Household final consumption expenditure,United States,2017,118.0,,
ESTAT:TEC00120(1.0),09/07/26 23:00:00,Annual,Price level indices (EU27_2020=100),Household final consumption expenditure,United States,2018,114.7,,
ESTAT:TEC00120(1.0),09/07/26 23:00:00,Annual,Price level indices (EU27_2020=100),Household final consumption expenditure,United States,2019,125.5,,
ESTAT:TEC00120(1.0),09/07/26 23:00:00,Annual,Price level indices (EU27_2020=100),Household final consumption expenditure,United States,2020,124.7,,
ESTAT:TEC00120(1.0),09/07/26 23:00:00,Annual,Price level indices (EU27_2020=100),Household final consumption expenditure,United States,2021,122.0,,
ESTAT:TEC00120(1.0),09/07/26 23:00:00,Annual,Price level indices (EU27_2020=100),Household final consumption expenditure,United States,2022,143.1,,
ESTAT:TEC00120(1.0),09/07/26 23:00:00,Annual,Price level indices (EU27_2020=100),Household final consumption expenditure,United States,2023,143.6,,
ESTAT:TEC00120(1.0),09/07/26 23:00:00,Annual,Price level indices (EU27_2020=100),Household final consumption expenditure,United States,2024,143.3,,
ESTAT:TEC00120(1.0),09/07/26 23:00:00,Annual,Price level indices (EU27_2020=100),Household final consumption expenditure,United States,2025,133.3,,
