DATAFLOW,LAST UPDATE,freq,unit,geo,TIME_PERIOD,OBS_VALUE,OBS_FLAG,CONF_STATUS
ESTAT:TIPSHO10(1.0),02/07/26 11:00:00,Annual,"Annual average index, 2015=100",Austria,2016,105.27,,
ESTAT:TIPSHO10(1.0),02/07/26 11:00:00,Annual,"Annual average index, 2015=100",Austria,2017,108.56,,
ESTAT:TIPSHO10(1.0),02/07/26 11:00:00,Annual,"Annual average index, 2015=100",Austria,2018,112.62,,
ESTAT:TIPSHO10(1.0),02/07/26 11:00:00,Annual,"Annual average index, 2015=100",Austria,2019,117.33,,
ESTAT:TIPSHO10(1.0),02/07/26 11:00:00,Annual,"Annual average index, 2015=100",Austria,2020,124.93,,
ESTAT:TIPSHO10(1.0),02/07/26 11:00:00,Annual,"Annual average index, 2015=100",Austria,2021,136.59,,
ESTAT:TIPSHO10(1.0),02/07/26 11:00:00,Annual,"Annual average index, 2015=100",Austria,2022,141.47,,
ESTAT:TIPSHO10(1.0),02/07/26 11:00:00,Annual,"Annual average index, 2015=100",Austria,2023,127.10,,
ESTAT:TIPSHO10(1.0),02/07/26 11:00:00,Annual,"Annual average index, 2015=100",Austria,2024,122.59,,
ESTAT:TIPSHO10(1.0),02/07/26 11:00:00,Annual,"Annual average index, 2015=100",Austria,2025,122.43,,
ESTAT:TIPSHO10(1.0),02/07/26 11:00:00,Annual,"Annual average index, 2015=100",Belgium,2016,100.82,,
ESTAT:TIPSHO10(1.0),02/07/26 11:00:00,Annual,"Annual average index, 2015=100",Belgium,2017,102.32,,
ESTAT:TIPSHO10(1.0),02/07/26 11:00:00,Annual,"Annual average index, 2015=100",Belgium,2018,103.28,,
ESTAT:TIPSHO10(1.0),02/07/26 11:00:00,Annual,"Annual average index, 2015=100",Belgium,2019,105.59,,
ESTAT:TIPSHO10(1.0),02/07/26 11:00:00,Annual,"Annual average index, 2015=100",Belgium,2020,109.12,,
ESTAT:TIPSHO10(1.0),02/07/26 11:00:00,Annual,"Annual average index, 2015=100",Belgium,2021,113.38,,
ESTAT:TIPSHO10(1.0),02/07/26 11:00:00,Annual,"Annual average index, 2015=100",Belgium,2022,108.18,,
ESTAT:TIPSHO10(1.0),02/07/26 11:00:00,Annual,"Annual average index, 2015=100",Belgium,2023,104.17,,
ESTAT:TIPSHO10(1.0),02/07/26 11:00:00,Annual,"Annual average index, 2015=100",Belgium,2024,105.70,,
ESTAT:TIPSHO10(1.0),02/07/26 11:00:00,Annual,"Annual average index, 2015=100",Belgium,2025,106.62,,
ESTAT:TIPSHO10(1.0),02/07/26 11:00:00,Annual,"Annual average index, 2015=100",Bulgaria,2016,105.23,,
ESTAT:TIPSHO10(1.0),02/07/26 11:00:00,Annual,"Annual average index, 2015=100",Bulgaria,2017,109.29,,
ESTAT:TIPSHO10(1.0),02/07/26 11:00:00,Annual,"Annual average index, 2015=100",Bulgaria,2018,113.90,,
ESTAT:TIPSHO10(1.0),02/07/26 11:00:00,Annual,"Annual average index, 2015=100",Bulgaria,2019,118.24,,
ESTAT:TIPSHO10(1.0),02/07/26 11:00:00,Annual,"Annual average index, 2015=100",Bulgaria,2020,124.36,,
ESTAT:TIPSHO10(1.0),02/07/26 11:00:00,Annual,"Annual average index, 2015=100",Bulgaria,2021,127.46,,
ESTAT:TIPSHO10(1.0),02/07/26 11:00:00,Annual,"Annual average index, 2015=100",Bulgaria,2022,125.03,b,
ESTAT:TIPSHO10(1.0),02/07/26 11:00:00,Annual,"Annual average index, 2015=100",Bulgaria,2023,127.01,,
ESTAT:TIPSHO10(1.0),02/07/26 11:00:00,Annual,"Annual average index, 2015=100",Bulgaria,2024,140.95,,
ESTAT:TIPSHO10(1.0),02/07/26 11:00:00,Annual,"Annual average index, 2015=100",Bulgaria,2025,154.06,,
ESTAT:TIPSHO10(1.0),02/07/26 11:00:00,Annual,"Annual average index, 2015=100",Cyprus,2016,101.77,,
ESTAT:TIPSHO10(1.0),02/07/26 11:00:00,Annual,"Annual average index, 2015=100",Cyprus,2017,105.47,,
ESTAT:TIPSHO10(1.0),02/07/26 11:00:00,Annual,"Annual average index, 2015=100",Cyprus,2018,102.72,,
ESTAT:TIPSHO10(1.0),02/07/26 11:00:00,Annual,"Annual average index, 2015=100",Cyprus,2019,110.94,,
ESTAT:TIPSHO10(1.0),02/07/26 11:00:00,Annual,"Annual average index, 2015=100",Cyprus,2020,118.19,,
ESTAT:TIPSHO10(1.0),02/07/26 11:00:00,Annual,"Annual average index, 2015=100",Cyprus,2021,114.85,,
ESTAT:TIPSHO10(1.0),02/07/26 11:00:00,Annual,"Annual average index, 2015=100",Cyprus,2022,113.49,,
ESTAT:TIPSHO10(1.0),02/07/26 11:00:00,Annual,"Annual average index, 2015=100",Cyprus,2023,119.63,,
ESTAT:TIPSHO10(1.0),02/07/26 11:00:00,Annual,"Annual average index, 2015=100",Cyprus,2024,126.26,,
ESTAT:TIPSHO10(1.0),02/07/26 11:00:00,Annual,"Annual average index, 2015=100",Cyprus,2025,131.41,,
ESTAT:TIPSHO10(1.0),02/07/26 11:00:00,Annual,"Annual average index, 2015=100",Czechia,2016,106.00,,
ESTAT:TIPSHO10(1.0),02/07/26 11:00:00,Annual,"Annual average index, 2015=100",Czechia,2017,114.95,,
ESTAT:TIPSHO10(1.0),02/07/26 11:00:00,Annual,"Annual average index, 2015=100",Czechia,2018,121.33,,
ESTAT:TIPSHO10(1.0),02/07/26 11:00:00,Annual,"Annual average index, 2015=100",Czechia,2019,128.57,,
ESTAT:TIPSHO10(1.0),02/07/26 11:00:00,Annual,"Annual average index, 2015=100",Czechia,2020,135.42,,
ESTAT:TIPSHO10(1.0),02/07/26 11:00:00,Annual,"Annual average index, 2015=100",Czechia,2021,155.63,,
ESTAT:TIPSHO10(1.0),02/07/26 11:00:00,Annual,"Annual average index, 2015=100",Czechia,2022,159.03,,
ESTAT:TIPSHO10(1.0),02/07/26 11:00:00,Annual,"Annual average index, 2015=100",Czechia,2023,144.13,,
ESTAT:TIPSHO10(1.0),02/07/26 11:00:00,Annual,"Annual average index, 2015=100",Czechia,2024,146.79,,
ESTAT:TIPSHO10(1.0),02/07/26 11:00:00,Annual,"Annual average index, 2015=100",Czechia,2025,157.35,,
ESTAT:TIPSHO10(1.0),02/07/26 11:00:00,Annual,"Annual average index, 2015=100",Germany,2016,106.71,,
ESTAT:TIPSHO10(1.0),02/07/26 11:00:00,Annual,"Annual average index, 2015=100",Germany,2017,111.37,,
ESTAT:TIPSHO10(1.0),02/07/26 11:00:00,Annual,"Annual average index, 2015=100",Germany,2018,116.85,,
ESTAT:TIPSHO10(1.0),02/07/26 11:00:00,Annual,"Annual average index, 2015=100",Germany,2019,121.84,,
ESTAT:TIPSHO10(1.0),02/07/26 11:00:00,Annual,"Annual average index, 2015=100",Germany,2020,130.52,,
ESTAT:TIPSHO10(1.0),02/07/26 11:00:00,Annual,"Annual average index, 2015=100",Germany,2021,141.13,,
ESTAT:TIPSHO10(1.0),02/07/26 11:00:00,Annual,"Annual average index, 2015=100",Germany,2022,140.18,,
ESTAT:TIPSHO10(1.0),02/07/26 11:00:00,Annual,"Annual average index, 2015=100",Germany,2023,120.33,,
ESTAT:TIPSHO10(1.0),02/07/26 11:00:00,Annual,"Annual average index, 2015=100",Germany,2024,115.76,,
ESTAT:TIPSHO10(1.0),02/07/26 11:00:00,Annual,"Annual average index, 2015=100",Germany,2025,116.49,,
ESTAT:TIPSHO10(1.0),02/07/26 11:00:00,Annual,"Annual average index, 2015=100",Denmark,2016,104.47,,
ESTAT:TIPSHO10(1.0),02/07/26 11:00:00,Annual,"Annual average index, 2015=100",Denmark,2017,108.63,,
ESTAT:TIPSHO10(1.0),02/07/26 11:00:00,Annual,"Annual average index, 2015=100",Denmark,2018,112.87,,
ESTAT:TIPSHO10(1.0),02/07/26 11:00:00,Annual,"Annual average index, 2015=100",Denmark,2019,114.43,,
ESTAT:TIPSHO10(1.0),02/07/26 11:00:00,Annual,"Annual average index, 2015=100",Denmark,2020,119.16,,
ESTAT:TIPSHO10(1.0),02/07/26 11:00:00,Annual,"Annual average index, 2015=100",Denmark,2021,130.46,,
ESTAT:TIPSHO10(1.0),02/07/26 11:00:00,Annual,"Annual average index, 2015=100",Denmark,2022,126.79,,
ESTAT:TIPSHO10(1.0),02/07/26 11:00:00,Annual,"Annual average index, 2015=100",Denmark,2023,118.42,,
ESTAT:TIPSHO10(1.0),02/07/26 11:00:00,Annual,"Annual average index, 2015=100",Denmark,2024,120.40,,
ESTAT:TIPSHO10(1.0),02/07/26 11:00:00,Annual,"Annual average index, 2015=100",Denmark,2025,126.35,,
ESTAT:TIPSHO10(1.0),02/07/26 11:00:00,Annual,"Annual average index, 2015=100",Euro area – 20 countries (2023-2025),2016,103.48,,
ESTAT:TIPSHO10(1.0),02/07/26 11:00:00,Annual,"Annual average index, 2015=100",Euro area – 20 countries (2023-2025),2017,106.53,,
ESTAT:TIPSHO10(1.0),02/07/26 11:00:00,Annual,"Annual average index, 2015=100",Euro area – 20 countries (2023-2025),2018,109.84,,
ESTAT:TIPSHO10(1.0),02/07/26 11:00:00,Annual,"Annual average index, 2015=100",Euro area – 20 countries (2023-2025),2019,113.33,,
ESTAT:TIPSHO10(1.0),02/07/26 11:00:00,Annual,"Annual average index, 2015=100",Euro area – 20 countries (2023-2025),2020,118.59,,
ESTAT:TIPSHO10(1.0),02/07/26 11:00:00,Annual,"Annual average index, 2015=100",Euro area – 20 countries (2023-2025),2021,125.03,,
ESTAT:TIPSHO10(1.0),02/07/26 11:00:00,Annual,"Annual average index, 2015=100",Euro area – 20 countries (2023-2025),2022,125.67,,
ESTAT:TIPSHO10(1.0),02/07/26 11:00:00,Annual,"Annual average index, 2015=100",Euro area – 20 countries (2023-2025),2023,116.93,,
ESTAT:TIPSHO10(1.0),02/07/26 11:00:00,Annual,"Annual average index, 2015=100",Euro area – 20 countries (2023-2025),2024,116.53,,
ESTAT:TIPSHO10(1.0),02/07/26 11:00:00,Annual,"Annual average index, 2015=100",Euro area – 20 countries (2023-2025),2025,120.08,,
ESTAT:TIPSHO10(1.0),02/07/26 11:00:00,Annual,"Annual average index, 2015=100",Euro area – 21 countries (from 2026),2016,103.49,,
ESTAT:TIPSHO10(1.0),02/07/26 11:00:00,Annual,"Annual average index, 2015=100",Euro area – 21 countries (from 2026),2017,106.56,,
ESTAT:TIPSHO10(1.0),02/07/26 11:00:00,Annual,"Annual average index, 2015=100",Euro area – 21 countries (from 2026),2018,109.91,,
ESTAT:TIPSHO10(1.0),02/07/26 11:00:00,Annual,"Annual average index, 2015=100",Euro area – 21 countries (from 2026),2019,113.39,,
ESTAT:TIPSHO10(1.0),02/07/26 11:00:00,Annual,"Annual average index, 2015=100",Euro area – 21 countries (from 2026),2020,118.67,,
ESTAT:TIPSHO10(1.0),02/07/26 11:00:00,Annual,"Annual average index, 2015=100",Euro area – 21 countries (from 2026),2021,125.09,,
ESTAT:TIPSHO10(1.0),02/07/26 11:00:00,Annual,"Annual average index, 2015=100",Euro area – 21 countries (from 2026),2022,125.73,,
ESTAT:TIPSHO10(1.0),02/07/26 11:00:00,Annual,"Annual average index, 2015=100",Euro area – 21 countries (from 2026),2023,117.10,,
ESTAT:TIPSHO10(1.0),02/07/26 11:00:00,Annual,"Annual average index, 2015=100",Euro area – 21 countries (from 2026),2024,116.88,,
ESTAT:TIPSHO10(1.0),02/07/26 11:00:00,Annual,"Annual average index, 2015=100",Euro area – 21 countries (from 2026),2025,120.54,,
ESTAT:TIPSHO10(1.0),02/07/26 11:00:00,Annual,"Annual average index, 2015=100",Estonia,2016,103.13,,
ESTAT:TIPSHO10(1.0),02/07/26 11:00:00,Annual,"Annual average index, 2015=100",Estonia,2017,103.95,,
ESTAT:TIPSHO10(1.0),02/07/26 11:00:00,Annual,"Annual average index, 2015=100",Estonia,2018,106.23,,
ESTAT:TIPSHO10(1.0),02/07/26 11:00:00,Annual,"Annual average index, 2015=100",Estonia,2019,110.54,,
ESTAT:TIPSHO10(1.0),02/07/26 11:00:00,Annual,"Annual average index, 2015=100",Estonia,2020,118.79,,
ESTAT:TIPSHO10(1.0),02/07/26 11:00:00,Annual,"Annual average index, 2015=100",Estonia,2021,130.90,,
ESTAT:TIPSHO10(1.0),02/07/26 11:00:00,Annual,"Annual average index, 2015=100",Estonia,2022,136.12,,
ESTAT:TIPSHO10(1.0),02/07/26 11:00:00,Annual,"Annual average index, 2015=100",Estonia,2023,132.50,,
ESTAT:TIPSHO10(1.0),02/07/26 11:00:00,Annual,"Annual average index, 2015=100",Estonia,2024,135.99,,
ESTAT:TIPSHO10(1.0),02/07/26 11:00:00,Annual,"Annual average index, 2015=100",Estonia,2025,138.73,,
ESTAT:TIPSHO10(1.0),02/07/26 11:00:00,Annual,"Annual average index, 2015=100",Greece,2016,98.46,e,
ESTAT:TIPSHO10(1.0),02/07/26 11:00:00,Annual,"Annual average index, 2015=100",Greece,2017,97.17,e,
ESTAT:TIPSHO10(1.0),02/07/26 11:00:00,Annual,"Annual average index, 2015=100",Greece,2018,98.86,e,
ESTAT:TIPSHO10(1.0),02/07/26 11:00:00,Annual,"Annual average index, 2015=100",Greece,2019,105.91,e,
ESTAT:TIPSHO10(1.0),02/07/26 11:00:00,Annual,"Annual average index, 2015=100",Greece,2020,111.98,e,
ESTAT:TIPSHO10(1.0),02/07/26 11:00:00,Annual,"Annual average index, 2015=100",Greece,2021,119.33,e,
ESTAT:TIPSHO10(1.0),02/07/26 11:00:00,Annual,"Annual average index, 2015=100",Greece,2022,125.52,e,
ESTAT:TIPSHO10(1.0),02/07/26 11:00:00,Annual,"Annual average index, 2015=100",Greece,2023,138.15,e,
ESTAT:TIPSHO10(1.0),02/07/26 11:00:00,Annual,"Annual average index, 2015=100",Greece,2024,147.64,e,
ESTAT:TIPSHO10(1.0),02/07/26 11:00:00,Annual,"Annual average index, 2015=100",Greece,2025,154.27,ep,
ESTAT:TIPSHO10(1.0),02/07/26 11:00:00,Annual,"Annual average index, 2015=100",Spain,2016,104.42,,
ESTAT:TIPSHO10(1.0),02/07/26 11:00:00,Annual,"Annual average index, 2015=100",Spain,2017,109.24,,
ESTAT:TIPSHO10(1.0),02/07/26 11:00:00,Annual,"Annual average index, 2015=100",Spain,2018,114.97,,
ESTAT:TIPSHO10(1.0),02/07/26 11:00:00,Annual,"Annual average index, 2015=100",Spain,2019,119.64,,
ESTAT:TIPSHO10(1.0),02/07/26 11:00:00,Annual,"Annual average index, 2015=100",Spain,2020,122.22,,
ESTAT:TIPSHO10(1.0),02/07/26 11:00:00,Annual,"Annual average index, 2015=100",Spain,2021,123.99,,
ESTAT:TIPSHO10(1.0),02/07/26 11:00:00,Annual,"Annual average index, 2015=100",Spain,2022,124.90,,
ESTAT:TIPSHO10(1.0),02/07/26 11:00:00,Annual,"Annual average index, 2015=100",Spain,2023,123.59,,
ESTAT:TIPSHO10(1.0),02/07/26 11:00:00,Annual,"Annual average index, 2015=100",Spain,2024,129.99,,
ESTAT:TIPSHO10(1.0),02/07/26 11:00:00,Annual,"Annual average index, 2015=100",Spain,2025,142.56,,
ESTAT:TIPSHO10(1.0),02/07/26 11:00:00,Annual,"Annual average index, 2015=100",European Union - 27 countries (from 2020),2016,104.02,,
ESTAT:TIPSHO10(1.0),02/07/26 11:00:00,Annual,"Annual average index, 2015=100",European Union - 27 countries (from 2020),2017,107.31,,
ESTAT:TIPSHO10(1.0),02/07/26 11:00:00,Annual,"Annual average index, 2015=100",European Union - 27 countries (from 2020),2018,111.05,,
ESTAT:TIPSHO10(1.0),02/07/26 11:00:00,Annual,"Annual average index, 2015=100",European Union - 27 countries (from 2020),2019,115.07,,
ESTAT:TIPSHO10(1.0),02/07/26 11:00:00,Annual,"Annual average index, 2015=100",European Union - 27 countries (from 2020),2020,120.86,,
ESTAT:TIPSHO10(1.0),02/07/26 11:00:00,Annual,"Annual average index, 2015=100",European Union - 27 countries (from 2020),2021,127.76,,
ESTAT:TIPSHO10(1.0),02/07/26 11:00:00,Annual,"Annual average index, 2015=100",European Union - 27 countries (from 2020),2022,128.68,,
ESTAT:TIPSHO10(1.0),02/07/26 11:00:00,Annual,"Annual average index, 2015=100",European Union - 27 countries (from 2020),2023,120.48,,
ESTAT:TIPSHO10(1.0),02/07/26 11:00:00,Annual,"Annual average index, 2015=100",European Union - 27 countries (from 2020),2024,121.24,,
ESTAT:TIPSHO10(1.0),02/07/26 11:00:00,Annual,"Annual average index, 2015=100",European Union - 27 countries (from 2020),2025,124.78,,
ESTAT:TIPSHO10(1.0),02/07/26 11:00:00,Annual,"Annual average index, 2015=100",Finland,2016,101.13,,
ESTAT:TIPSHO10(1.0),02/07/26 11:00:00,Annual,"Annual average index, 2015=100",Finland,2017,101.19,,
ESTAT:TIPSHO10(1.0),02/07/26 11:00:00,Annual,"Annual average index, 2015=100",Finland,2018,100.82,,
ESTAT:TIPSHO10(1.0),02/07/26 11:00:00,Annual,"Annual average index, 2015=100",Finland,2019,100.26,,
ESTAT:TIPSHO10(1.0),02/07/26 11:00:00,Annual,"Annual average index, 2015=100",Finland,2020,101.63,,
ESTAT:TIPSHO10(1.0),02/07/26 11:00:00,Annual,"Annual average index, 2015=100",Finland,2021,104.00,,
ESTAT:TIPSHO10(1.0),02/07/26 11:00:00,Annual,"Annual average index, 2015=100",Finland,2022,98.62,,
ESTAT:TIPSHO10(1.0),02/07/26 11:00:00,Annual,"Annual average index, 2015=100",Finland,2023,88.65,,
ESTAT:TIPSHO10(1.0),02/07/26 11:00:00,Annual,"Annual average index, 2015=100",Finland,2024,84.90,,
ESTAT:TIPSHO10(1.0),02/07/26 11:00:00,Annual,"Annual average index, 2015=100",Finland,2025,81.90,,
ESTAT:TIPSHO10(1.0),02/07/26 11:00:00,Annual,"Annual average index, 2015=100",France,2016,100.82,,
ESTAT:TIPSHO10(1.0),02/07/26 11:00:00,Annual,"Annual average index, 2015=100",France,2017,103.22,,
ESTAT:TIPSHO10(1.0),02/07/26 11:00:00,Annual,"Annual average index, 2015=100",France,2018,104.25,,
ESTAT:TIPSHO10(1.0),02/07/26 11:00:00,Annual,"Annual average index, 2015=100",France,2019,106.85,,
ESTAT:TIPSHO10(1.0),02/07/26 11:00:00,Annual,"Annual average index, 2015=100",France,2020,111.40,,
ESTAT:TIPSHO10(1.0),02/07/26 11:00:00,Annual,"Annual average index, 2015=100",France,2021,117.00,,
ESTAT:TIPSHO10(1.0),02/07/26 11:00:00,Annual,"Annual average index, 2015=100",France,2022,118.51,,
ESTAT:TIPSHO10(1.0),02/07/26 11:00:00,Annual,"Annual average index, 2015=100",France,2023,110.33,,
ESTAT:TIPSHO10(1.0),02/07/26 11:00:00,Annual,"Annual average index, 2015=100",France,2024,103.93,,
ESTAT:TIPSHO10(1.0),02/07/26 11:00:00,Annual,"Annual average index, 2015=100",France,2025,103.73,,
ESTAT:TIPSHO10(1.0),02/07/26 11:00:00,Annual,"Annual average index, 2015=100",Croatia,2016,102.15,,
ESTAT:TIPSHO10(1.0),02/07/26 11:00:00,Annual,"Annual average index, 2015=100",Croatia,2017,105.23,,
ESTAT:TIPSHO10(1.0),02/07/26 11:00:00,Annual,"Annual average index, 2015=100",Croatia,2018,110.51,,
ESTAT:TIPSHO10(1.0),02/07/26 11:00:00,Annual,"Annual average index, 2015=100",Croatia,2019,118.89,,
ESTAT:TIPSHO10(1.0),02/07/26 11:00:00,Annual,"Annual average index, 2015=100",Croatia,2020,126.90,,
ESTAT:TIPSHO10(1.0),02/07/26 11:00:00,Annual,"Annual average index, 2015=100",Croatia,2021,132.91,,
ESTAT:TIPSHO10(1.0),02/07/26 11:00:00,Annual,"Annual average index, 2015=100",Croatia,2022,138.03,,
ESTAT:TIPSHO10(1.0),02/07/26 11:00:00,Annual,"Annual average index, 2015=100",Croatia,2023,142.34,,
ESTAT:TIPSHO10(1.0),02/07/26 11:00:00,Annual,"Annual average index, 2015=100",Croatia,2024,151.97,,
ESTAT:TIPSHO10(1.0),02/07/26 11:00:00,Annual,"Annual average index, 2015=100",Croatia,2025,166.85,,
ESTAT:TIPSHO10(1.0),02/07/26 11:00:00,Annual,"Annual average index, 2015=100",Hungary,2016,112.32,,
ESTAT:TIPSHO10(1.0),02/07/26 11:00:00,Annual,"Annual average index, 2015=100",Hungary,2017,122.04,,
ESTAT:TIPSHO10(1.0),02/07/26 11:00:00,Annual,"Annual average index, 2015=100",Hungary,2018,134.83,,
ESTAT:TIPSHO10(1.0),02/07/26 11:00:00,Annual,"Annual average index, 2015=100",Hungary,2019,150.94,,
ESTAT:TIPSHO10(1.0),02/07/26 11:00:00,Annual,"Annual average index, 2015=100",Hungary,2020,154.06,,
ESTAT:TIPSHO10(1.0),02/07/26 11:00:00,Annual,"Annual average index, 2015=100",Hungary,2021,169.52,,
ESTAT:TIPSHO10(1.0),02/07/26 11:00:00,Annual,"Annual average index, 2015=100",Hungary,2022,179.76,,
ESTAT:TIPSHO10(1.0),02/07/26 11:00:00,Annual,"Annual average index, 2015=100",Hungary,2023,169.22,,
ESTAT:TIPSHO10(1.0),02/07/26 11:00:00,Annual,"Annual average index, 2015=100",Hungary,2024,181.98,p,
ESTAT:TIPSHO10(1.0),02/07/26 11:00:00,Annual,"Annual average index, 2015=100",Hungary,2025,203.75,p,
ESTAT:TIPSHO10(1.0),02/07/26 11:00:00,Annual,"Annual average index, 2015=100",Ireland,2016,106.95,,
ESTAT:TIPSHO10(1.0),02/07/26 11:00:00,Annual,"Annual average index, 2015=100",Ireland,2017,117.45,,
ESTAT:TIPSHO10(1.0),02/07/26 11:00:00,Annual,"Annual average index, 2015=100",Ireland,2018,127.50,,
ESTAT:TIPSHO10(1.0),02/07/26 11:00:00,Annual,"Annual average index, 2015=100",Ireland,2019,128.36,,
ESTAT:TIPSHO10(1.0),02/07/26 11:00:00,Annual,"Annual average index, 2015=100",Ireland,2020,128.84,,
ESTAT:TIPSHO10(1.0),02/07/26 11:00:00,Annual,"Annual average index, 2015=100",Ireland,2021,135.61,,
ESTAT:TIPSHO10(1.0),02/07/26 11:00:00,Annual,"Annual average index, 2015=100",Ireland,2022,141.66,,
ESTAT:TIPSHO10(1.0),02/07/26 11:00:00,Annual,"Annual average index, 2015=100",Ireland,2023,134.31,,
ESTAT:TIPSHO10(1.0),02/07/26 11:00:00,Annual,"Annual average index, 2015=100",Ireland,2024,139.96,,
ESTAT:TIPSHO10(1.0),02/07/26 11:00:00,Annual,"Annual average index, 2015=100",Ireland,2025,148.21,,
ESTAT:TIPSHO10(1.0),02/07/26 11:00:00,Annual,"Annual average index, 2015=100",Italy,2016,99.71,,
ESTAT:TIPSHO10(1.0),02/07/26 11:00:00,Annual,"Annual average index, 2015=100",Italy,2017,97.37,,
ESTAT:TIPSHO10(1.0),02/07/26 11:00:00,Annual,"Annual average index, 2015=100",Italy,2018,95.52,,
ESTAT:TIPSHO10(1.0),02/07/26 11:00:00,Annual,"Annual average index, 2015=100",Italy,2019,94.56,,
ESTAT:TIPSHO10(1.0),02/07/26 11:00:00,Annual,"Annual average index, 2015=100",Italy,2020,96.10,,
ESTAT:TIPSHO10(1.0),02/07/26 11:00:00,Annual,"Annual average index, 2015=100",Italy,2021,97.10,,
ESTAT:TIPSHO10(1.0),02/07/26 11:00:00,Annual,"Annual average index, 2015=100",Italy,2022,94.42,,
ESTAT:TIPSHO10(1.0),02/07/26 11:00:00,Annual,"Annual average index, 2015=100",Italy,2023,91.11,,
ESTAT:TIPSHO10(1.0),02/07/26 11:00:00,Annual,"Annual average index, 2015=100",Italy,2024,92.44,,
ESTAT:TIPSHO10(1.0),02/07/26 11:00:00,Annual,"Annual average index, 2015=100",Italy,2025,94.72,,
ESTAT:TIPSHO10(1.0),02/07/26 11:00:00,Annual,"Annual average index, 2015=100",Lithuania,2016,104.26,,
ESTAT:TIPSHO10(1.0),02/07/26 11:00:00,Annual,"Annual average index, 2015=100",Lithuania,2017,109.41,,
ESTAT:TIPSHO10(1.0),02/07/26 11:00:00,Annual,"Annual average index, 2015=100",Lithuania,2018,114.47,,
ESTAT:TIPSHO10(1.0),02/07/26 11:00:00,Annual,"Annual average index, 2015=100",Lithuania,2019,119.67,,
ESTAT:TIPSHO10(1.0),02/07/26 11:00:00,Annual,"Annual average index, 2015=100",Lithuania,2020,126.87,,
ESTAT:TIPSHO10(1.0),02/07/26 11:00:00,Annual,"Annual average index, 2015=100",Lithuania,2021,140.70,,
ESTAT:TIPSHO10(1.0),02/07/26 11:00:00,Annual,"Annual average index, 2015=100",Lithuania,2022,141.52,,
ESTAT:TIPSHO10(1.0),02/07/26 11:00:00,Annual,"Annual average index, 2015=100",Lithuania,2023,143.13,,
ESTAT:TIPSHO10(1.0),02/07/26 11:00:00,Annual,"Annual average index, 2015=100",Lithuania,2024,155.05,,
ESTAT:TIPSHO10(1.0),02/07/26 11:00:00,Annual,"Annual average index, 2015=100",Lithuania,2025,164.49,,
ESTAT:TIPSHO10(1.0),02/07/26 11:00:00,Annual,"Annual average index, 2015=100",Luxembourg,2016,105.27,,
ESTAT:TIPSHO10(1.0),02/07/26 11:00:00,Annual,"Annual average index, 2015=100",Luxembourg,2017,108.83,,
ESTAT:TIPSHO10(1.0),02/07/26 11:00:00,Annual,"Annual average index, 2015=100",Luxembourg,2018,114.81,,
ESTAT:TIPSHO10(1.0),02/07/26 11:00:00,Annual,"Annual average index, 2015=100",Luxembourg,2019,124.04,,
ESTAT:TIPSHO10(1.0),02/07/26 11:00:00,Annual,"Annual average index, 2015=100",Luxembourg,2020,140.66,,
ESTAT:TIPSHO10(1.0),02/07/26 11:00:00,Annual,"Annual average index, 2015=100",Luxembourg,2021,157.84,,
ESTAT:TIPSHO10(1.0),02/07/26 11:00:00,Annual,"Annual average index, 2015=100",Luxembourg,2022,163.89,,
ESTAT:TIPSHO10(1.0),02/07/26 11:00:00,Annual,"Annual average index, 2015=100",Luxembourg,2023,142.29,,
ESTAT:TIPSHO10(1.0),02/07/26 11:00:00,Annual,"Annual average index, 2015=100",Luxembourg,2024,131.37,,
ESTAT:TIPSHO10(1.0),02/07/26 11:00:00,Annual,"Annual average index, 2015=100",Luxembourg,2025,130.67,,
ESTAT:TIPSHO10(1.0),02/07/26 11:00:00,Annual,"Annual average index, 2015=100",Latvia,2016,107.75,,
ESTAT:TIPSHO10(1.0),02/07/26 11:00:00,Annual,"Annual average index, 2015=100",Latvia,2017,113.93,,
ESTAT:TIPSHO10(1.0),02/07/26 11:00:00,Annual,"Annual average index, 2015=100",Latvia,2018,121.60,,
ESTAT:TIPSHO10(1.0),02/07/26 11:00:00,Annual,"Annual average index, 2015=100",Latvia,2019,128.24,,
ESTAT:TIPSHO10(1.0),02/07/26 11:00:00,Annual,"Annual average index, 2015=100",Latvia,2020,132.36,,
ESTAT:TIPSHO10(1.0),02/07/26 11:00:00,Annual,"Annual average index, 2015=100",Latvia,2021,143.03,,
ESTAT:TIPSHO10(1.0),02/07/26 11:00:00,Annual,"Annual average index, 2015=100",Latvia,2022,143.10,,
ESTAT:TIPSHO10(1.0),02/07/26 11:00:00,Annual,"Annual average index, 2015=100",Latvia,2023,137.75,,
ESTAT:TIPSHO10(1.0),02/07/26 11:00:00,Annual,"Annual average index, 2015=100",Latvia,2024,138.75,,
ESTAT:TIPSHO10(1.0),02/07/26 11:00:00,Annual,"Annual average index, 2015=100",Latvia,2025,144.10,,
ESTAT:TIPSHO10(1.0),02/07/26 11:00:00,Annual,"Annual average index, 2015=100",Malta,2016,104.58,,
ESTAT:TIPSHO10(1.0),02/07/26 11:00:00,Annual,"Annual average index, 2015=100",Malta,2017,109.34,,
ESTAT:TIPSHO10(1.0),02/07/26 11:00:00,Annual,"Annual average index, 2015=100",Malta,2018,114.50,,
ESTAT:TIPSHO10(1.0),02/07/26 11:00:00,Annual,"Annual average index, 2015=100",Malta,2019,119.19,,
ESTAT:TIPSHO10(1.0),02/07/26 11:00:00,Annual,"Annual average index, 2015=100",Malta,2020,121.55,,
ESTAT:TIPSHO10(1.0),02/07/26 11:00:00,Annual,"Annual average index, 2015=100",Malta,2021,126.29,,
ESTAT:TIPSHO10(1.0),02/07/26 11:00:00,Annual,"Annual average index, 2015=100",Malta,2022,127.82,,
ESTAT:TIPSHO10(1.0),02/07/26 11:00:00,Annual,"Annual average index, 2015=100",Malta,2023,127.71,,
ESTAT:TIPSHO10(1.0),02/07/26 11:00:00,Annual,"Annual average index, 2015=100",Malta,2024,131.83,,
ESTAT:TIPSHO10(1.0),02/07/26 11:00:00,Annual,"Annual average index, 2015=100",Malta,2025,136.97,p,
ESTAT:TIPSHO10(1.0),02/07/26 11:00:00,Annual,"Annual average index, 2015=100",Netherlands,2016,104.62,,
ESTAT:TIPSHO10(1.0),02/07/26 11:00:00,Annual,"Annual average index, 2015=100",Netherlands,2017,110.80,,
ESTAT:TIPSHO10(1.0),02/07/26 11:00:00,Annual,"Annual average index, 2015=100",Netherlands,2018,118.66,,
ESTAT:TIPSHO10(1.0),02/07/26 11:00:00,Annual,"Annual average index, 2015=100",Netherlands,2019,124.33,,
ESTAT:TIPSHO10(1.0),02/07/26 11:00:00,Annual,"Annual average index, 2015=100",Netherlands,2020,131.67,,
ESTAT:TIPSHO10(1.0),02/07/26 11:00:00,Annual,"Annual average index, 2015=100",Netherlands,2021,144.34,,
ESTAT:TIPSHO10(1.0),02/07/26 11:00:00,Annual,"Annual average index, 2015=100",Netherlands,2022,152.06,,
ESTAT:TIPSHO10(1.0),02/07/26 11:00:00,Annual,"Annual average index, 2015=100",Netherlands,2023,139.54,,
ESTAT:TIPSHO10(1.0),02/07/26 11:00:00,Annual,"Annual average index, 2015=100",Netherlands,2024,147.26,,
ESTAT:TIPSHO10(1.0),02/07/26 11:00:00,Annual,"Annual average index, 2015=100",Netherlands,2025,155.84,,
ESTAT:TIPSHO10(1.0),02/07/26 11:00:00,Annual,"Annual average index, 2015=100",Poland,2016,102.63,,
ESTAT:TIPSHO10(1.0),02/07/26 11:00:00,Annual,"Annual average index, 2015=100",Poland,2017,104.65,,
ESTAT:TIPSHO10(1.0),02/07/26 11:00:00,Annual,"Annual average index, 2015=100",Poland,2018,109.92,,
ESTAT:TIPSHO10(1.0),02/07/26 11:00:00,Annual,"Annual average index, 2015=100",Poland,2019,116.93,,
ESTAT:TIPSHO10(1.0),02/07/26 11:00:00,Annual,"Annual average index, 2015=100",Poland,2020,124.82,,
ESTAT:TIPSHO10(1.0),02/07/26 11:00:00,Annual,"Annual average index, 2015=100",Poland,2021,129.03,,
ESTAT:TIPSHO10(1.0),02/07/26 11:00:00,Annual,"Annual average index, 2015=100",Poland,2022,126.45,,
ESTAT:TIPSHO10(1.0),02/07/26 11:00:00,Annual,"Annual average index, 2015=100",Poland,2023,125.67,,
ESTAT:TIPSHO10(1.0),02/07/26 11:00:00,Annual,"Annual average index, 2015=100",Poland,2024,139.76,,
ESTAT:TIPSHO10(1.0),02/07/26 11:00:00,Annual,"Annual average index, 2015=100",Poland,2025,141.16,,
ESTAT:TIPSHO10(1.0),02/07/26 11:00:00,Annual,"Annual average index, 2015=100",Portugal,2016,105.99,,
ESTAT:TIPSHO10(1.0),02/07/26 11:00:00,Annual,"Annual average index, 2015=100",Portugal,2017,113.95,,
ESTAT:TIPSHO10(1.0),02/07/26 11:00:00,Annual,"Annual average index, 2015=100",Portugal,2018,123.64,,
ESTAT:TIPSHO10(1.0),02/07/26 11:00:00,Annual,"Annual average index, 2015=100",Portugal,2019,134.74,,
ESTAT:TIPSHO10(1.0),02/07/26 11:00:00,Annual,"Annual average index, 2015=100",Portugal,2020,145.91,,
ESTAT:TIPSHO10(1.0),02/07/26 11:00:00,Annual,"Annual average index, 2015=100",Portugal,2021,156.43,,
ESTAT:TIPSHO10(1.0),02/07/26 11:00:00,Annual,"Annual average index, 2015=100",Portugal,2022,164.27,,
ESTAT:TIPSHO10(1.0),02/07/26 11:00:00,Annual,"Annual average index, 2015=100",Portugal,2023,169.58,,
ESTAT:TIPSHO10(1.0),02/07/26 11:00:00,Annual,"Annual average index, 2015=100",Portugal,2024,180.01,,
ESTAT:TIPSHO10(1.0),02/07/26 11:00:00,Annual,"Annual average index, 2015=100",Portugal,2025,206.41,,
ESTAT:TIPSHO10(1.0),02/07/26 11:00:00,Annual,"Annual average index, 2015=100",Romania,2016,105.24,,
ESTAT:TIPSHO10(1.0),02/07/26 11:00:00,Annual,"Annual average index, 2015=100",Romania,2017,108.70,,
ESTAT:TIPSHO10(1.0),02/07/26 11:00:00,Annual,"Annual average index, 2015=100",Romania,2018,110.51,,
ESTAT:TIPSHO10(1.0),02/07/26 11:00:00,Annual,"Annual average index, 2015=100",Romania,2019,108.51,,
ESTAT:TIPSHO10(1.0),02/07/26 11:00:00,Annual,"Annual average index, 2015=100",Romania,2020,110.95,,
ESTAT:TIPSHO10(1.0),02/07/26 11:00:00,Annual,"Annual average index, 2015=100",Romania,2021,110.71,,
ESTAT:TIPSHO10(1.0),02/07/26 11:00:00,Annual,"Annual average index, 2015=100",Romania,2022,104.18,,
ESTAT:TIPSHO10(1.0),02/07/26 11:00:00,Annual,"Annual average index, 2015=100",Romania,2023,98.73,,
ESTAT:TIPSHO10(1.0),02/07/26 11:00:00,Annual,"Annual average index, 2015=100",Romania,2024,97.50,,
ESTAT:TIPSHO10(1.0),02/07/26 11:00:00,Annual,"Annual average index, 2015=100",Romania,2025,95.81,,
ESTAT:TIPSHO10(1.0),02/07/26 11:00:00,Annual,"Annual average index, 2015=100",Sweden,2016,107.28,,
ESTAT:TIPSHO10(1.0),02/07/26 11:00:00,Annual,"Annual average index, 2015=100",Sweden,2017,112.44,,
ESTAT:TIPSHO10(1.0),02/07/26 11:00:00,Annual,"Annual average index, 2015=100",Sweden,2018,108.64,,
ESTAT:TIPSHO10(1.0),02/07/26 11:00:00,Annual,"Annual average index, 2015=100",Sweden,2019,109.08,,
ESTAT:TIPSHO10(1.0),02/07/26 11:00:00,Annual,"Annual average index, 2015=100",Sweden,2020,112.75,,
ESTAT:TIPSHO10(1.0),02/07/26 11:00:00,Annual,"Annual average index, 2015=100",Sweden,2021,121.45,,
ESTAT:TIPSHO10(1.0),02/07/26 11:00:00,Annual,"Annual average index, 2015=100",Sweden,2022,117.83,,
ESTAT:TIPSHO10(1.0),02/07/26 11:00:00,Annual,"Annual average index, 2015=100",Sweden,2023,104.72,,
ESTAT:TIPSHO10(1.0),02/07/26 11:00:00,Annual,"Annual average index, 2015=100",Sweden,2024,101.80,,
ESTAT:TIPSHO10(1.0),02/07/26 11:00:00,Annual,"Annual average index, 2015=100",Sweden,2025,100.15,,
ESTAT:TIPSHO10(1.0),02/07/26 11:00:00,Annual,"Annual average index, 2015=100",Slovenia,2016,103.72,,
ESTAT:TIPSHO10(1.0),02/07/26 11:00:00,Annual,"Annual average index, 2015=100",Slovenia,2017,110.59,,
ESTAT:TIPSHO10(1.0),02/07/26 11:00:00,Annual,"Annual average index, 2015=100",Slovenia,2018,117.87,,
ESTAT:TIPSHO10(1.0),02/07/26 11:00:00,Annual,"Annual average index, 2015=100",Slovenia,2019,124.03,,
ESTAT:TIPSHO10(1.0),02/07/26 11:00:00,Annual,"Annual average index, 2015=100",Slovenia,2020,130.27,,
ESTAT:TIPSHO10(1.0),02/07/26 11:00:00,Annual,"Annual average index, 2015=100",Slovenia,2021,140.54,,
ESTAT:TIPSHO10(1.0),02/07/26 11:00:00,Annual,"Annual average index, 2015=100",Slovenia,2022,147.12,,
ESTAT:TIPSHO10(1.0),02/07/26 11:00:00,Annual,"Annual average index, 2015=100",Slovenia,2023,146.59,,
ESTAT:TIPSHO10(1.0),02/07/26 11:00:00,Annual,"Annual average index, 2015=100",Slovenia,2024,154.45,,
ESTAT:TIPSHO10(1.0),02/07/26 11:00:00,Annual,"Annual average index, 2015=100",Slovenia,2025,162.90,,
ESTAT:TIPSHO10(1.0),02/07/26 11:00:00,Annual,"Annual average index, 2015=100",Slovakia,2016,106.98,,
ESTAT:TIPSHO10(1.0),02/07/26 11:00:00,Annual,"Annual average index, 2015=100",Slovakia,2017,112.05,,
ESTAT:TIPSHO10(1.0),02/07/26 11:00:00,Annual,"Annual average index, 2015=100",Slovakia,2018,118.18,,
ESTAT:TIPSHO10(1.0),02/07/26 11:00:00,Annual,"Annual average index, 2015=100",Slovakia,2019,126.05,,
ESTAT:TIPSHO10(1.0),02/07/26 11:00:00,Annual,"Annual average index, 2015=100",Slovakia,2020,135.16,,
ESTAT:TIPSHO10(1.0),02/07/26 11:00:00,Annual,"Annual average index, 2015=100",Slovakia,2021,139.32,,
ESTAT:TIPSHO10(1.0),02/07/26 11:00:00,Annual,"Annual average index, 2015=100",Slovakia,2022,142.02,,
ESTAT:TIPSHO10(1.0),02/07/26 11:00:00,Annual,"Annual average index, 2015=100",Slovakia,2023,128.82,,
ESTAT:TIPSHO10(1.0),02/07/26 11:00:00,Annual,"Annual average index, 2015=100",Slovakia,2024,129.82,,
ESTAT:TIPSHO10(1.0),02/07/26 11:00:00,Annual,"Annual average index, 2015=100",Slovakia,2025,140.08,,
